,Rank,Released,Movie,DomesticBox Office,InternationalBox Office,WorldwideBox Office
0,1,2015,Star Wars Ep. VII: The Force Awakens,"$936,662,225","$1,116,648,995","$2,053,311,220"
1,2,2009,Avatar,"$760,507,625","$2,015,837,654","$2,776,345,279"
2,3,2018,Black Panther,"$700,059,566","$648,198,658","$1,348,258,224"
3,4,2018,Avengers: Infinity War,"$678,815,482","$1,369,318,718","$2,048,134,200"
4,5,1997,Titanic,"$659,363,944","$1,548,844,451","$2,208,208,395"
5,6,2015,Jurassic World,"$652,270,625","$996,584,239","$1,648,854,864"
6,7,2012,The Avengers,"$623,279,547","$894,656,350","$1,517,935,897"
7,8,2017,Star Wars Ep. VIII: The Last Jedi,"$620,181,382","$696,540,365","$1,316,721,747"
8,9,2018,Incredibles 2,"$608,581,744","$633,950,692","$1,242,532,436"
9,10,2008,The Dark Knight,"$533,720,947","$468,275,260","$1,001,996,207"
10,11,2016,Rogue One: A Star Wars Story,"$532,177,324","$516,925,532","$1,049,102,856"
11,12,2017,Beauty and the Beast,"$504,014,165","$755,185,541","$1,259,199,706"
12,13,2016,Finding Dory,"$486,295,561","$534,919,632","$1,021,215,193"
13,14,1999,Star Wars Ep. I: The Phantom Menace,"$474,544,677","$552,500,000","$1,027,044,677"
14,15,1977,Star Wars Ep. IV: A New Hope,"$460,998,007","$325,600,000","$786,598,007"
15,16,2015,Avengers: Age of Ultron,"$459,005,868","$944,008,095","$1,403,013,963"
16,17,2012,The Dark Knight Rises,"$448,139,099","$636,300,000","$1,084,439,099"
17,18,2004,Shrek 2,"$441,226,247","$495,781,885","$937,008,132"
18,19,1982,ET: The Extra-Terrestrial,"$435,110,554","$357,854,772","$792,965,326"
19,20,2013,The Hunger Games: Catching Fire,"$424,668,047","$440,200,000","$864,868,047"
20,21,2006,Pirates of the Caribbean: Dead Man's Chest,"$423,315,812","$642,900,000","$1,066,215,812"
21,22,1994,The Lion King,"$421,785,283","$564,429,585","$986,214,868"
22,23,2018,Jurassic World: Fallen Kingdom,"$417,719,760","$888,053,039","$1,305,772,799"
23,24,2010,Toy Story 3,"$415,004,880","$653,874,642","$1,068,879,522"
24,25,2019,Captain Marvel,"$414,538,774","$696,143,476","$1,110,682,250"
25,26,2017,Wonder Woman,"$412,563,408","$408,569,970","$821,133,378"
26,27,2013,Iron Man 3,"$408,992,272","$806,400,000","$1,215,392,272"
27,28,2016,Captain America: Civil War,"$408,084,349","$731,985,064","$1,140,069,413"
28,29,2012,The Hunger Games,"$408,010,692","$269,912,687","$677,923,379"
29,30,2017,Jumanji: Welcome to the Jungle,"$404,508,916","$559,987,277","$964,496,193"
30,31,2002,Spider-Man,"$403,706,375","$418,000,000","$821,706,375"
31,32,2009,Transformers: Revenge of the Fallen,"$402,111,870","$434,407,829","$836,519,699"
32,33,2013,Frozen,"$400,738,009","$871,731,901","$1,272,469,910"
33,34,1993,Jurassic Park,"$395,708,305","$643,104,279","$1,038,812,584"
34,35,2019,Avengers: Endgame,"$393,989,446","$948,700,000","$1,342,689,446"
35,36,2017,Guardians of the Galaxy Vol 2,"$389,813,101","$472,503,132","$862,316,233"
36,37,2011,Harry Potter and the Deathly Hallows: Part II,"$381,193,157","$960,500,000","$1,341,693,157"
37,38,2003,Finding Nemo,"$380,529,370","$555,900,000","$936,429,370"
38,39,2005,Star Wars Ep. III: Revenge of the Sith,"$380,270,577","$468,728,300","$848,998,877"
39,40,2003,The Lord of the Rings: The Return of the King,"$377,845,905","$763,557,436","$1,141,403,341"
40,41,1991,Beauty and the Beast,"$376,057,266","$232,373,866","$608,431,132"
41,42,2004,Spider-Man 2,"$373,524,485","$421,586,185","$795,110,670"
42,43,2004,The Passion of the Christ,"$370,782,930","$251,558,994","$622,341,924"
43,44,2016,The Secret Life of Pets,"$368,384,330","$518,383,092","$886,767,422"
44,45,2013,Despicable Me 2,"$368,065,385","$607,151,450","$975,216,835"
45,46,2016,The Jungle Book,"$364,001,123","$598,853,424","$962,854,547"
46,47,2016,Deadpool,"$363,070,709","$437,954,884","$801,025,593"
47,48,2015,Inside Out,"$356,461,711","$497,774,281","$854,235,992"
48,49,2015,Furious 7,"$353,007,020","$1,165,715,774","$1,518,722,794"
49,50,2011,Transformers: Dark of the Moon,"$352,390,543","$771,400,000","$1,123,790,543"
50,51,2014,American Sniper,"$350,126,372","$197,200,000","$547,326,372"
51,52,2002,The Lord of the Rings: The Two Towers,"$342,548,984","$592,150,661","$934,699,645"
52,53,2016,Zootopia,"$341,268,248","$678,436,100","$1,019,704,348"
53,54,2014,The Hunger Games: Mockingjay - Part 1,"$337,135,885","$429,439,246","$766,575,131"
54,55,2007,Spider-Man 3,"$336,530,303","$558,329,927","$894,860,230"
55,56,2015,Minions,"$336,045,770","$824,290,403","$1,160,336,173"
56,57,2018,Aquaman,"$335,061,807","$811,832,833","$1,146,894,640"
57,58,2017,Spider-Man: Homecoming,"$334,201,140","$545,965,210","$880,166,350"
58,59,2010,Alice in Wonderland,"$334,191,110","$691,300,000","$1,025,491,110"
59,60,2014,Guardians of the Galaxy,"$333,172,112","$437,695,404","$770,867,516"
60,61,2016,Batman v Superman: Dawn of Justice,"$330,360,194","$537,140,087","$867,500,281"
61,62,1994,Forrest Gump,"$330,151,138","$349,699,499","$679,850,637"
62,63,2017,It,"$327,481,748","$369,976,221","$697,457,969"
63,64,2016,Suicide Squad,"$325,100,054","$420,959,833","$746,059,887"
64,65,2018,Deadpool 2,"$324,591,735","$462,088,822","$786,680,557"
65,66,2007,Shrek the Third,"$322,719,944","$484,610,992","$807,330,936"
66,67,2007,Transformers,"$319,246,193","$389,026,399","$708,272,592"
67,68,2008,Iron Man,"$318,604,126","$266,567,421","$585,171,547"
68,69,2001,Harry Potter and the Sorcerer's Stone,"$317,871,467","$657,176,139","$975,047,606"
69,70,2008,Indiana Jones and the Kingdom of the Crystal Skull,"$317,101,119","$469,534,294","$786,635,413"
70,71,2001,The Lord of the Rings: The Fellowship of the Ring,"$315,544,750","$571,666,235","$887,210,985"
71,72,2017,Thor: Ragnarok,"$315,058,289","$531,921,735","$846,980,024"
72,73,2010,Iron Man 2,"$312,433,331","$308,723,058","$621,156,389"
73,74,2002,Star Wars Ep. II: Attack of the Clones,"$310,676,740","$346,018,875","$656,695,615"
74,75,2007,Pirates of the Caribbean: At World's End,"$309,420,425","$654,000,000","$963,420,425"
75,76,1983,Star Wars Ep. VI: Return of the Jedi,"$309,205,079","$263,500,000","$572,705,079"
76,77,1996,Independence Day,"$306,169,255","$511,231,623","$817,400,878"
77,78,2003,Pirates of the Caribbean: The Curse of the Blac…,"$305,411,224","$329,542,879","$634,954,103"
78,79,2012,Skyfall,"$304,360,277","$806,166,704","$1,110,526,981"
79,80,2012,The Hobbit: An Unexpected Journey,"$303,003,568","$714,000,000","$1,017,003,568"
80,81,2009,Harry Potter and the Half-Blood Prince,"$302,089,278","$633,124,489","$935,213,767"
81,82,2010,The Twilight Saga: Eclipse,"$300,531,751","$405,571,077","$706,102,828"
82,83,2009,The Twilight Saga: New Moon,"$296,623,634","$390,934,093","$687,557,727"
83,84,2010,Harry Potter and the Deathly Hallows: Part I,"$296,131,568","$664,300,000","$960,431,568"
84,85,1999,The Sixth Sense,"$293,506,292","$379,300,000","$672,806,292"
85,86,2009,Up,"$293,004,164","$438,459,213","$731,463,377"
86,87,2010,Inception,"$292,576,195","$539,825,887","$832,402,082"
87,88,2012,"The Twilight Saga: Breaking Dawn, Part 2","$292,324,737","$537,400,000","$829,724,737"
88,89,2007,Harry Potter and the Order of the Phoenix,"$292,137,260","$650,939,197","$943,076,457"
89,90,2005,"The Chronicles of Narnia: The Lion, the Witch a…","$291,710,957","$428,828,615","$720,539,572"
90,91,2013,Man of Steel,"$291,045,518","$376,954,000","$667,999,518"
91,92,1980,Star Wars Ep. V: The Empire Strikes Back,"$290,271,960","$243,889,374","$534,161,334"
92,93,2005,Harry Potter and the Goblet of Fire,"$290,201,752","$606,898,042","$897,099,794"
93,94,2001,"Monsters, Inc.","$289,423,425","$270,334,294","$559,757,719"
94,95,1990,Home Alone,"$285,761,243","$190,923,432","$476,684,675"
95,96,2015,The Hunger Games: Mockingjay - Part 2,"$281,723,902","$367,262,885","$648,986,787"
96,97,2003,The Matrix Reloaded,"$281,553,689","$457,023,240","$738,576,929"
97,98,2011,"The Twilight Saga: Breaking Dawn, Part 1","$281,287,133","$408,132,918","$689,420,051"
98,99,2004,Meet the Fockers,"$279,167,575","$237,400,000","$516,567,575"
99,100,2009,The Hangover,"$277,322,503","$188,441,583","$465,764,086"
100,101,2013,Gravity,"$274,092,705","$419,605,968","$693,698,673"
101,102,2018,The Grinch,"$270,620,950","$240,387,329","$511,008,279"
102,103,2016,Sing,"$270,329,045","$364,125,744","$634,454,789"
103,104,2013,Monsters University,"$268,488,329","$475,100,000","$743,588,329"
104,105,2001,Shrek,"$267,655,011","$224,157,783","$491,812,794"
105,106,2017,Despicable Me 3,"$264,624,300","$770,198,073","$1,034,822,373"
106,107,2002,Harry Potter and the Chamber of Secrets,"$262,233,381","$616,991,754","$879,225,135"
107,108,2012,The Amazing Spider-Man,"$262,030,663","$495,859,604","$757,890,267"
108,109,2004,The Incredibles,"$261,441,092","$353,285,660","$614,726,752"
109,110,2000,How the Grinch Stole Christmas,"$260,044,825","$85,096,578","$345,141,403"
110,111,1975,Jaws,"$260,000,000","$210,700,000","$470,700,000"
111,112,2014,Captain America: The Winter Soldier,"$259,746,958","$454,654,931","$714,401,889"
112,113,2013,The Hobbit: The Desolation of Smaug,"$258,366,855","$702,000,000","$960,366,855"
113,114,2014,The Lego Movie,"$257,784,718","$199,944,670","$457,729,388"
114,115,2009,Star Trek,"$257,730,019","$129,109,595","$386,839,614"
115,116,2007,I am Legend,"$256,393,010","$329,139,674","$585,532,684"
116,117,2009,The Blind Side,"$255,959,475","$49,746,319","$305,705,794"
117,118,2014,The Hobbit: The Battle of the Five Armies,"$255,119,788","$690,457,833","$945,577,621"
118,119,2011,The Hangover Part II,"$254,464,305","$332,000,000","$586,464,305"
119,120,2010,Despicable Me,"$251,513,985","$291,950,588","$543,464,573"
120,121,1989,Batman,"$251,188,924","$160,160,000","$411,348,924"
121,122,2006,Night at the Museum,"$250,863,268","$328,583,139","$579,446,407"
122,123,1997,Men in Black,"$250,690,539","$337,100,000","$587,790,539"
123,124,2004,Harry Potter and the Prisoner of Azkaban,"$249,757,726","$547,149,597","$796,907,323"
124,125,2016,Moana,"$248,757,044","$388,760,321","$637,517,365"
125,126,1999,Toy Story 2,"$245,852,179","$265,506,097","$511,358,276"
126,127,2014,Transformers: Age of Extinction,"$245,439,076","$858,600,000","$1,104,039,076"
127,128,2006,Cars,"$244,082,982","$217,568,264","$461,651,246"
128,129,2003,Bruce Almighty,"$242,704,995","$241,763,613","$484,468,608"
129,130,1984,Ghostbusters,"$242,212,467","$53,000,000","$295,212,467"
130,131,1996,Twister,"$241,688,385","$254,011,615","$495,700,000"
131,132,2002,My Big Fat Greek Wedding,"$241,438,208","$133,451,826","$374,890,034"
132,133,2014,Maleficent,"$241,407,328","$517,129,407","$758,536,735"
133,134,2011,Pirates of the Caribbean: On Stranger Tides,"$241,063,875","$804,600,000","$1,045,663,875"
134,135,2010,Shrek Forever After,"$238,736,787","$517,507,886","$756,244,673"
135,136,2013,Fast and Furious 6,"$238,679,850","$550,620,594","$789,300,444"
136,137,2012,Brave,"$237,282,182","$317,324,350","$554,606,532"
137,138,2013,Oz the Great and Powerful,"$234,770,996","$255,588,055","$490,359,051"
138,139,1984,Beverly Hills Cop,"$234,760,478","$81,539,522","$316,300,000"
139,140,2006,X-Men: The Last Stand,"$234,362,462","$224,898,484","$459,260,946"
140,141,2005,War of the Worlds,"$234,280,354","$372,556,181","$606,836,535"
141,142,2016,Fantastic Beasts and Where to Find Them,"$234,037,575","$568,365,278","$802,402,853"
142,143,2014,X-Men: Days of Future Past,"$233,921,534","$513,941,241","$747,862,775"
143,144,2000,Cast Away,"$233,632,142","$193,598,374","$427,230,516"
144,145,2016,Doctor Strange,"$232,641,920","$443,762,646","$676,404,566"
145,146,1973,The Exorcist,"$230,347,346","$197,867,132","$428,214,478"
146,147,1997,The Lost World: Jurassic Park,"$229,086,679","$389,552,320","$618,638,999"
147,148,2017,Justice League,"$229,024,295","$426,920,914","$655,945,209"
148,149,2013,Star Trek Into Darkness,"$228,778,661","$238,602,923","$467,381,584"
149,150,2015,The Martian,"$228,433,663","$426,837,780","$655,271,443"
150,151,2002,Signs,"$227,969,295","$180,300,000","$408,269,295"
151,152,2008,Hancock,"$227,946,274","$396,287,998","$624,234,272"
152,153,2007,The Bourne Ultimatum,"$227,471,070","$216,572,326","$444,043,396"
153,154,2017,Logan,"$226,277,068","$389,184,326","$615,461,394"
154,155,2001,Rush Hour 2,"$226,164,286","$121,261,546","$347,425,832"
155,156,2017,The Fate of the Furious,"$225,764,765","$1,009,081,502","$1,234,846,267"
156,157,1981,Raiders of the Lost Ark,"$225,686,079","$141,766,000","$367,452,079"
157,158,2008,WALL-E,"$223,808,164","$308,699,861","$532,508,025"
158,159,2014,Big Hero 6,"$222,527,828","$429,600,000","$652,127,828"
159,160,2018,Mission: Impossible - Fallout,"$220,159,104","$567,297,448","$787,456,552"
160,161,2007,National Treasure: Book of Secrets,"$219,961,501","$237,364,303","$457,325,804"
161,162,2009,Alvin and the Chipmunks: The Squeakquel,"$219,614,612","$223,868,601","$443,483,213"
162,163,1993,Mrs. Doubtfire,"$219,195,051","$222,090,952","$441,286,003"
163,164,2012,Ted,"$218,665,740","$337,350,887","$556,016,627"
164,165,2005,King Kong,"$218,080,025","$332,437,332","$550,517,357"
165,166,1990,Ghost,"$217,631,306","$299,968,694","$517,600,000"
166,167,2010,How to Train Your Dragon,"$217,581,232","$277,289,760","$494,870,992"
167,168,2006,The Da Vinci Code,"$217,536,138","$550,284,321","$767,820,459"
168,169,1992,Aladdin,"$217,350,219","$286,700,000","$504,050,219"
169,170,2007,Alvin and the Chipmunks,"$217,326,974","$145,278,059","$362,605,033"
170,171,2018,Ant-Man and the Wasp,"$216,648,740","$406,495,920","$623,144,660"
171,172,2012,Madagascar 3: Europe's Most Wanted,"$216,391,482","$530,529,789","$746,921,271"
172,173,1998,Saving Private Ryan,"$216,335,085","$268,700,000","$485,035,085"
173,174,2018,Bohemian Rhapsody,"$216,303,339","$684,782,603","$901,085,942"
174,175,2008,Kung Fu Panda,"$215,434,591","$416,475,940","$631,910,531"
175,176,2000,Mission: Impossible 2,"$215,409,889","$334,178,627","$549,588,516"
176,177,2018,A Star is Born,"$215,288,866","$218,191,366","$433,480,232"
177,178,2003,X-Men 2,"$214,949,694","$191,925,842","$406,875,536"
178,179,2012,Doctor Seuss' The Lorax,"$214,030,500","$136,946,253","$350,976,753"
179,180,2018,Solo: A Star Wars Story,"$213,767,512","$179,383,835","$393,151,347"
180,181,2018,Venom,"$213,511,408","$640,117,197","$853,628,605"
181,182,2002,Austin Powers in Goldmember,"$213,117,789","$83,220,874","$296,338,663"
182,183,1985,Back to the Future,"$212,259,762","$173,265,022","$385,524,784"
183,184,2007,300,"$210,614,939","$243,546,996","$454,161,935"
184,185,2011,Fast Five,"$210,031,325","$420,132,129","$630,163,454"
185,186,2017,Coco,"$209,726,015","$588,294,210","$798,020,225"
186,187,2011,Mission: Impossible - Ghost Protocol,"$209,397,903","$485,315,327","$694,713,230"
187,188,2005,Wedding Crashers,"$209,218,368","$74,000,000","$283,218,368"
188,189,2009,Sherlock Holmes,"$209,028,679","$289,409,533","$498,438,212"
189,190,2014,Dawn of the Planet of the Apes,"$208,545,589","$502,098,977","$710,644,566"
190,191,2005,Charlie and the Chocolate Factory,"$206,459,076","$269,366,408","$475,825,484"
191,192,2007,Ratatouille,"$206,445,654","$420,104,041","$626,549,695"
192,193,2013,Thor: The Dark World,"$206,362,140","$438,240,376","$644,602,516"
193,194,1999,Austin Powers: The Spy Who Shagged Me,"$206,040,085","$106,343,402","$312,383,487"
194,195,2005,Batman Begins,"$205,343,774","$153,798,948","$359,142,722"
195,196,1991,Terminator 2: Judgment Day,"$203,464,105","$311,955,722","$515,419,827"
196,197,2014,The Amazing Spider-Man 2,"$202,853,933","$506,142,403","$708,996,336"
197,198,2013,World War Z,"$202,359,711","$329,154,939","$531,514,650"
198,199,2001,The Mummy Returns,"$202,007,640","$233,032,755","$435,040,395"
199,200,1998,Armageddon,"$201,578,182","$353,021,818","$554,600,000"
200,201,2015,Cinderella,"$201,151,353","$333,400,000","$534,551,353"
201,202,2018,Ralph Breaks The Internet,"$201,091,711","$323,196,956","$524,288,667"
202,203,2010,Tangled,"$200,821,936","$385,655,304","$586,477,240"
203,204,2014,Godzilla,"$200,676,069","$328,400,000","$529,076,069"
204,205,2006,Superman Returns,"$200,120,000","$173,965,065","$374,085,065"
205,206,2015,Spectre,"$200,074,175","$679,546,748","$879,620,923"
206,207,1939,Gone with the Wind,"$198,680,470","$191,844,722","$390,525,192"
207,208,2001,Pearl Harbor,"$198,539,855","$250,700,000","$449,239,855"
208,209,2009,Monsters vs. Aliens,"$198,351,526","$183,335,854","$381,687,380"
209,210,2006,Happy Feet,"$198,000,317","$187,000,000","$385,000,317"
210,211,1989,Indiana Jones and the Last Crusade,"$197,171,806","$277,000,000","$474,171,806"
211,212,2009,Ice Age: Dawn of the Dinosaurs,"$196,573,705","$663,128,152","$859,701,857"
212,213,2006,Ice Age: The Meltdown,"$195,330,621","$456,568,661","$651,899,282"
213,214,2015,Mission: Impossible - Rogue Nation,"$195,042,377","$493,816,615","$688,858,992"
214,215,2005,Madagascar,"$193,595,521","$362,964,045","$556,559,566"
215,216,2008,Twilight,"$192,769,854","$209,510,305","$402,280,159"
216,217,1995,Toy Story,"$191,796,233","$172,749,283","$364,545,516"
217,218,2014,22 Jump Street,"$191,719,337","$139,614,539","$331,333,876"
218,219,2011,Cars 2,"$191,450,875","$368,704,508","$560,155,383"
219,220,2014,Teenage Mutant Ninja Turtles,"$191,204,754","$293,800,000","$485,004,754"
220,221,2002,Men in Black 2,"$190,418,803","$251,349,000","$441,767,803"
221,222,2018,Spider-Man: Into The Spider-Verse 3D,"$190,173,195","$184,681,723","$374,854,918"
222,223,2017,Dunkirk,"$190,068,280","$309,769,088","$499,837,368"
223,224,2012,Wreck-It Ralph,"$189,412,677","$307,098,844","$496,511,521"
224,225,2018,A Quiet Place,"$188,024,361","$146,497,933","$334,522,294"
225,226,2014,Interstellar,"$188,017,894","$478,361,481","$666,379,375"
226,227,2000,Gladiator,"$187,683,805","$270,000,000","$457,683,805"
227,228,2004,The Polar Express,"$187,224,605","$124,140,582","$311,365,187"
228,229,2013,The Croods,"$187,168,425","$385,900,000","$573,068,425"
229,230,2011,Sherlock Holmes: A Game of Shadows,"$186,848,418","$348,815,025","$535,663,443"
230,231,2004,The Day After Tomorrow,"$186,740,799","$369,578,651","$556,319,450"
231,232,2005,Mr. and Mrs. Smith,"$186,336,279","$299,787,811","$486,124,090"
232,233,1937,Snow White and the Seven Dwarfs,"$184,925,486",$0,"$184,925,486"
233,234,2015,Pitch Perfect 2,"$184,296,230","$103,329,238","$287,625,468"
234,235,1990,Dances with Wolves,"$184,208,842","$239,991,158","$424,200,000"
235,236,1995,Batman Forever,"$184,031,112","$152,498,032","$336,529,144"
236,237,1993,The Fugitive,"$183,875,760","$169,839,557","$353,715,317"
237,238,2015,The Revenant,"$183,637,894","$349,300,408","$532,938,302"
238,239,2001,Ocean's Eleven,"$183,417,150","$267,311,379","$450,728,529"
239,240,2007,The Simpsons Movie,"$183,135,014","$343,936,008","$527,071,022"
240,241,2000,What Women Want,"$182,805,123","$191,300,000","$374,105,123"
241,242,2000,The Perfect Storm,"$182,618,434","$146,093,000","$328,711,434"
242,243,2012,Lincoln,"$182,207,973","$91,138,308","$273,346,281"
243,244,1978,Grease,"$181,813,770","$205,696,409","$387,510,179"
244,245,1997,Liar Liar,"$181,410,615","$121,300,000","$302,710,615"
245,246,2001,Jurassic Park III,"$181,166,115","$184,733,885","$365,900,000"
246,247,2011,Thor,"$181,030,624","$268,295,994","$449,326,618"
247,248,1996,Mission: Impossible,"$180,981,886","$276,716,108","$457,697,994"
248,249,2015,Ant-Man,"$180,202,163","$338,656,286","$518,858,449"
249,250,2008,Madagascar: Escape 2 Africa,"$180,174,880","$419,505,894","$599,680,774"
250,251,2001,Planet of the Apes,"$180,011,740","$182,200,000","$362,211,740"
251,252,2009,X-Men Origins: Wolverine,"$179,883,157","$194,942,603","$374,825,760"
252,253,1984,Indiana Jones and the Temple of Doom,"$179,880,271","$153,200,000","$333,080,271"
253,254,1986,Top Gun,"$179,800,601","$176,999,033","$356,799,634"
254,255,2012,Men in Black 3,"$179,020,854","$475,192,631","$654,213,485"
255,256,1990,Pretty Woman,"$178,406,268","$254,239,604","$432,645,872"
256,257,2005,Hitch,"$177,784,257","$189,000,000","$366,784,257"
257,258,2015,Home,"$177,397,510","$208,600,386","$385,997,896"
258,259,2009,Night at the Museum: Battle of the Smithsonian,"$177,243,721","$224,987,342","$402,231,063"
259,260,1982,Tootsie,"$177,200,000",$0,"$177,200,000"
260,261,2014,How to Train Your Dragon 2,"$177,002,924","$437,583,346","$614,586,270"
261,262,2011,Rise of the Planet of the Apes,"$176,760,185","$294,226,015","$470,986,200"
262,263,2011,Captain America: The First Avenger,"$176,654,505","$193,915,271","$370,569,776"
263,264,2010,The Karate Kid,"$176,591,618","$175,183,320","$351,774,938"
264,265,1998,There's Something About Mary,"$176,484,651","$193,400,000","$369,884,651"
265,266,2002,Ice Age,"$176,387,405","$209,728,938","$386,116,343"
266,267,2004,The Bourne Supremacy,"$176,087,450","$134,913,674","$311,001,124"
267,268,2017,Get Out,"$176,040,665","$79,327,286","$255,367,951"
268,269,2017,The Lego Batman Movie,"$175,750,384","$134,909,634","$310,660,018"
269,270,2017,The Boss Baby,"$175,003,033","$335,875,729","$510,878,762"
270,271,1986,Crocodile Dundee,"$174,803,506","$153,400,000","$328,203,506"
271,272,2018,Crazy Rich Asians,"$174,532,921","$63,566,790","$238,099,711"
272,273,2017,The Greatest Showman,"$174,340,174","$212,325,376","$386,665,550"
273,274,2003,Elf,"$173,840,591","$46,837,892","$220,678,483"
274,275,1995,Apollo 13,"$173,772,767","$162,029,504","$335,802,271"
275,276,1992,Home Alone 2: Lost in New York,"$173,585,516","$185,409,334","$358,994,850"
276,277,2004,National Treasure,"$173,005,002","$158,318,408","$331,323,410"
277,278,2019,Us,"$172,999,965","$76,502,114","$249,502,079"
278,279,1997,Air Force One,"$172,956,409","$142,311,944","$315,268,353"
279,280,1988,Rain Man,"$172,825,435","$239,974,565","$412,800,000"
280,281,2017,Pirates of the Caribbean: Dead Men Tell No Tales,"$172,558,876","$615,682,261","$788,241,137"
281,282,2010,Tron: Legacy,"$172,062,763","$228,000,000","$400,062,763"
282,283,2018,Mary Poppins Returns,"$171,958,438","$172,150,145","$344,108,583"
283,284,1999,The Matrix,"$171,479,930","$292,037,453","$463,517,383"
284,285,2010,True Grit,"$171,243,005","$81,033,923","$252,276,928"
285,286,1999,Tarzan,"$171,091,819","$277,100,000","$448,191,819"
286,287,2001,A Beautiful Mind,"$170,708,996","$146,959,062","$317,668,058"
287,288,2002,Chicago,"$170,687,518","$136,083,027","$306,770,545"
288,289,2011,The Help,"$169,705,587","$43,414,417","$213,120,004"
289,290,2015,Hotel Transylvania 2,"$169,700,110","$299,800,188","$469,500,298"
290,291,2016,Hidden Figures,"$169,607,287","$62,164,429","$231,771,716"
291,292,2008,Quantum of Solace,"$169,368,427","$422,323,651","$591,692,078"
292,293,2011,Bridesmaids,"$169,211,718","$120,420,305","$289,632,023"
293,294,1977,Close Encounters of the Third Kind,"$169,100,479","$171,700,000","$340,800,479"
294,295,2007,Wild Hogs,"$168,213,584","$85,341,799","$253,555,383"
295,296,2017,Kong: Skull Island,"$168,052,812","$393,019,247","$561,072,059"
296,297,1987,3 Men and a Baby,"$167,780,960",$0,"$167,780,960"
297,298,2014,Gone Girl,"$167,767,189","$200,800,000","$368,567,189"
298,299,2018,Hotel Transylvania 3: Summer Vacation,"$167,500,092","$359,577,586","$527,077,678"
299,300,2006,Casino Royale,"$167,365,000","$427,055,283","$594,420,283"
300,301,2000,Meet the Parents,"$166,225,040","$164,200,000","$330,425,040"
301,302,2015,Fifty Shades of Grey,"$166,167,230","$404,830,871","$570,998,101"
302,303,2009,2012,"$166,112,167","$591,565,581","$757,677,748"
303,304,1991,Robin Hood: Prince of Thieves,"$165,493,908","$225,006,092","$390,500,000"
304,305,2011,Kung Fu Panda 2,"$165,249,063","$499,588,484","$664,837,547"
305,306,2001,Hannibal,"$165,092,266","$185,008,014","$350,100,280"
306,307,2002,Catch Me if You Can,"$164,606,800","$191,005,491","$355,612,291"
307,308,2009,The Proposal,"$163,958,031","$150,751,686","$314,709,717"
308,309,1999,Big Daddy,"$163,479,795","$65,161,488","$228,641,283"
309,310,2010,Clash of the Titans,"$163,214,888","$330,000,000","$493,214,888"
310,311,1965,The Sound of Music,"$163,214,286","$123,000,000","$286,214,286"
311,312,2015,The SpongeBob Movie: Sponge Out of Water,"$162,994,032","$148,019,149","$311,013,181"
312,313,1992,Batman Returns,"$162,833,635","$103,990,656","$266,824,291"
313,314,2012,Django Unchained,"$162,805,434","$287,142,889","$449,948,323"
314,315,1998,A Bug's Life,"$162,798,565","$200,296,754","$363,095,319"
315,316,2006,The Pursuit of Happyness,"$162,586,036","$144,725,057","$307,311,093"
316,317,2016,Jason Bourne,"$162,192,920","$253,975,396","$416,168,316"
317,318,2010,Grown Ups,"$162,001,186","$110,222,244","$272,223,430"
318,319,1998,The Waterboy,"$161,491,646","$28,700,000","$190,191,646"
319,320,2004,Shark Tale,"$161,412,000","$210,505,043","$371,917,043"
320,321,2012,Ice Age: Continental Drift,"$161,321,843","$718,443,294","$879,765,137"
321,322,2015,Straight Outta Compton,"$161,197,785","$40,985,196","$202,182,981"
322,323,2002,Die Another Day,"$160,942,139","$271,000,000","$431,942,139"
323,324,2019,How to Train Your Dragon: The Hidden World,"$159,706,980","$356,391,508","$516,098,488"
324,325,1973,The Sting,"$159,616,327",$0,"$159,616,327"
325,326,2013,The Heat,"$159,581,587","$70,146,187","$229,727,774"
326,327,2018,Fantastic Beasts: The Crimes of Grindelwald,"$159,555,901","$492,664,185","$652,220,086"
327,328,2018,Halloween,"$159,342,015","$95,000,000","$254,342,015"
328,329,2016,Star Trek Beyond,"$158,848,340","$176,953,893","$335,802,233"
329,330,1993,The Firm,"$158,340,892","$112,000,000","$270,340,892"
330,331,2005,The Longest Yard,"$158,119,460","$33,439,045","$191,558,505"
331,332,2000,X-Men,"$157,299,717","$139,572,650","$296,872,367"
332,333,2000,Scary Movie,"$157,019,771","$120,180,229","$277,200,000"
333,334,1987,Fatal Attraction,"$156,645,693","$163,454,307","$320,100,000"
334,335,2000,What Lies Beneath,"$155,464,351","$133,229,638","$288,693,989"
335,336,2016,X-Men: Apocalypse,"$155,442,489","$387,095,057","$542,537,546"
336,337,1999,The Mummy,"$155,385,488","$261,000,000","$416,385,488"
337,338,2015,San Andreas,"$155,190,832","$301,067,707","$456,258,539"
338,339,2012,Snow White and the Huntsman,"$155,136,755","$245,884,991","$401,021,746"
339,340,2009,Fast & Furious,"$155,064,265","$208,000,000","$363,064,265"
340,341,2006,Over the Hedge,"$155,019,340","$188,377,907","$343,397,247"
341,342,2005,Fantastic Four,"$154,696,080","$178,436,670","$333,132,750"
342,343,2008,Horton Hears a Who,"$154,529,439","$144,948,447","$299,477,886"
343,344,1988,Who Framed Roger Rabbit?,"$154,112,492","$197,387,508","$351,500,000"
344,345,1996,Jerry Maguire,"$153,952,592","$120,047,408","$274,000,000"
345,346,2016,Trolls,"$153,707,064","$190,365,169","$344,072,233"
346,347,1987,Beverly Hills Cop II,"$153,665,036","$123,000,000","$276,665,036"
347,348,2015,Mad Max: Fury Road,"$153,636,354","$216,461,666","$370,098,020"
348,349,2002,Scooby-Doo,"$153,294,164","$123,000,000","$276,294,164"
349,350,1961,101 Dalmatians,"$153,000,000","$301,581","$153,301,581"
350,351,2017,Cars 3,"$152,901,115","$230,648,036","$383,549,151"
351,352,2008,Sex and the City,"$152,647,258","$262,600,000","$415,247,258"
352,353,1999,Runaway Bride,"$152,257,509","$157,880,669","$310,138,178"
353,354,2016,La La Land,"$151,101,803","$275,422,363","$426,524,166"
354,355,2014,Divergent,"$150,947,895","$125,067,070","$276,014,965"
355,356,1985,Rambo: First Blood Part II,"$150,415,432","$149,984,568","$300,400,000"
356,357,2013,We're the Millers,"$150,394,119","$117,422,157","$267,816,276"
357,358,2003,Terminator 3: Rise of the Machines,"$150,358,296","$282,700,000","$433,058,296"
358,359,2015,Daddy's Home,"$150,357,137","$92,400,000","$242,757,137"
359,360,2009,G.I. Joe: The Rise of Cobra,"$150,201,498","$152,267,519","$302,469,017"
360,361,2013,American Hustle,"$150,117,807","$107,760,487","$257,878,294"
361,362,2014,Neighbors,"$150,086,800","$120,857,628","$270,944,428"
362,363,2011,Puss in Boots,"$149,260,504","$405,726,973","$554,987,477"
363,364,2012,Les Miserables,"$148,809,770","$293,359,282","$442,169,052"
364,365,2007,Knocked Up,"$148,761,765","$70,504,187","$219,265,952"
365,366,1997,As Good as it Gets,"$148,478,011","$165,633,912","$314,111,923"
366,367,2010,Little Fockers,"$148,438,600","$162,211,974","$310,650,574"
367,368,2010,Megamind,"$148,415,853","$173,471,355","$321,887,208"
368,369,2012,Hotel Transylvania,"$148,313,048","$230,192,764","$378,505,812"
369,370,2006,Talladega Nights: The Ballad of Ricky Bobby,"$148,213,377","$14,657,148","$162,870,525"
370,371,1984,Gremlins,"$148,168,459","$31,056","$148,199,515"
371,372,2008,Gran Torino,"$148,095,302","$126,447,783","$274,543,085"
372,373,1989,Lethal Weapon 2,"$147,253,986","$80,046,014","$227,300,000"
373,374,2017,War for the Planet of the Apes,"$146,880,162","$342,712,105","$489,592,267"
374,375,2011,X-Men: First Class,"$146,408,305","$209,000,000","$355,408,305"
375,376,2009,Paul Blart: Mall Cop,"$146,336,178","$39,568,572","$185,904,750"
376,377,1994,True Lies,"$146,282,411","$219,017,589","$365,300,000"
377,378,2002,Lilo & Stitch,"$145,771,527","$100,028,473","$245,800,000"
378,379,2018,The Meg,"$145,443,742","$384,086,973","$529,530,715"
379,380,2001,American Pie 2,"$145,096,820","$141,403,180","$286,500,000"
380,381,2009,Taken,"$145,000,989","$81,940,596","$226,941,585"
381,382,2013,The Great Gatsby,"$144,840,419","$206,200,000","$351,040,419"
382,383,1994,The Santa Clause,"$144,833,357","$44,966,643","$189,800,000"
383,384,2004,"I, Robot","$144,801,023","$203,828,562","$348,629,585"
384,385,1992,Lethal Weapon 3,"$144,731,527","$174,968,473","$319,700,000"
385,386,2001,The Fast and the Furious,"$144,512,310","$62,000,000","$206,512,310"
386,387,1998,Doctor Dolittle,"$144,156,605","$150,000,000","$294,156,605"
387,388,2008,Mamma Mia!,"$144,130,063","$471,618,709","$615,748,772"
388,389,2011,Rio,"$143,619,809","$343,900,000","$487,519,809"
389,390,2016,Kung Fu Panda 3,"$143,528,619","$374,070,523","$517,599,142"
390,391,2007,Juno,"$143,495,265","$87,954,837","$231,450,102"
391,392,2008,Marley & Me,"$143,153,751","$104,658,260","$247,812,011"
392,393,2011,The Smurfs,"$142,614,158","$421,135,165","$563,749,323"
393,394,2002,xXx,"$141,930,000","$125,270,000","$267,200,000"
394,395,1967,The Jungle Book,"$141,843,000",$0,"$141,843,000"
395,396,2008,The Chronicles of Narnia: Prince Caspian,"$141,621,490","$275,719,798","$417,341,288"
396,397,1978,Animal House,"$141,600,000",$0,"$141,600,000"
397,398,1995,Pocahontas,"$141,579,773","$205,520,227","$347,100,000"
398,399,1992,A Few Good Men,"$141,340,178","$95,159,822","$236,500,000"
399,400,2008,Slumdog Millionaire,"$141,330,703","$243,199,737","$384,530,440"
400,401,1998,Rush Hour,"$141,186,864","$104,113,136","$245,300,000"
401,402,1999,The Blair Witch Project,"$140,539,099","$107,760,901","$248,300,000"
402,403,1998,Deep Impact,"$140,464,664","$209,000,000","$349,464,664"
403,404,2018,Ocean's Eight,"$140,218,711","$156,897,265","$297,115,976"
404,405,2007,Rush Hour 3,"$140,125,968","$116,459,914","$256,585,882"
405,406,1989,Look Who's Talking,"$140,088,813","$157,011,187","$297,100,000"
406,407,1999,Stuart Little,"$140,015,224","$158,800,000","$298,815,224"
407,408,2012,Taken 2,"$139,854,287","$237,953,117","$377,807,404"
408,409,1992,Sister Act,"$139,605,150","$91,994,850","$231,600,000"
409,410,1977,Saturday Night Fever,"$139,486,124","$142,913,876","$282,400,000"
410,411,2003,The Matrix Revolutions,"$139,270,910","$288,029,350","$427,300,260"
411,412,2002,The Santa Clause 2,"$139,225,854","$33,600,000","$172,825,854"
412,413,2010,The King's Speech,"$138,797,449","$292,023,719","$430,821,168"
413,414,2003,Cheaper by the Dozen,"$138,614,544","$51,597,569","$190,212,113"
414,415,2003,Bad Boys II,"$138,540,870","$134,731,112","$273,271,982"
415,416,2012,21 Jump Street,"$138,447,667","$64,364,762","$202,812,429"
416,417,1997,Good Will Hunting,"$138,433,435","$87,492,554","$225,925,989"
417,418,2017,Split,"$138,141,585","$140,823,221","$278,964,806"
418,419,1986,Platoon,"$137,963,328","$15,067","$137,978,395"
419,420,2009,A Christmas Carol,"$137,855,863","$177,853,834","$315,709,697"
420,421,2000,Dinosaur,"$137,748,063","$218,400,000","$356,148,063"
421,422,2018,Ready Player One,"$137,690,172","$441,599,964","$579,290,136"
422,423,2013,The Conjuring,"$137,400,141","$180,600,000","$318,000,141"
423,424,2006,Click,"$137,355,633","$100,329,456","$237,685,089"
424,425,1999,The Green Mile,"$136,801,374","$153,900,000","$290,701,374"
425,426,1996,Ransom,"$136,492,681","$172,207,319","$308,700,000"
426,427,1998,Godzilla,"$136,314,294","$239,685,706","$376,000,000"
427,428,1996,101 Dalmatians,"$136,189,294","$168,010,706","$304,200,000"
428,429,2012,Argo,"$136,025,503","$91,115,254","$227,140,757"
429,430,2003,Anger Management,"$135,560,942","$60,100,000","$195,660,942"
430,431,2005,Chicken Little,"$135,386,665","$174,657,158","$310,043,823"
431,432,1990,Teenage Mutant Ninja Turtles,"$135,265,915","$66,734,085","$202,000,000"
432,433,1998,Patch Adams,"$135,014,968","$67,158,032","$202,173,000"
433,434,1972,The Godfather,"$134,966,411","$133,533,589","$268,500,000"
434,435,2008,The Incredible Hulk,"$134,806,913","$130,766,946","$265,573,859"
435,436,2007,Live Free or Die Hard,"$134,529,403","$247,758,744","$382,288,147"
436,437,2008,Wanted,"$134,508,551","$207,907,909","$342,416,460"
437,438,2013,Identity Thief,"$134,506,920","$40,854,658","$175,361,578"
438,439,1978,Superman,"$134,218,018","$165,981,982","$300,200,000"
439,440,2014,Ride Along,"$134,202,565","$19,531,235","$153,733,800"
440,441,1996,The Rock,"$134,069,511","$202,000,000","$336,069,511"
441,442,2013,Grown Ups 2,"$133,668,525","$113,355,283","$247,023,808"
442,443,2006,Mission: Impossible III,"$133,501,348","$264,000,000","$397,501,348"
443,444,2009,Angels & Demons,"$133,375,846","$357,500,000","$490,875,846"
444,445,2004,Troy,"$133,298,577","$350,862,688","$484,161,265"
445,446,2011,Alvin and the Chipmunks: Chipwrecked,"$133,107,389","$215,981,134","$349,088,523"
446,447,2003,Bringing Down the House,"$132,675,402","$32,000,000","$164,675,402"
447,448,2013,The Wolverine,"$132,556,852","$283,900,000","$416,456,852"
448,449,2017,Wonder,"$132,422,809","$172,181,903","$304,604,712"
449,450,2006,The Departed,"$132,384,315","$157,276,304","$289,660,619"
450,451,2003,Hulk,"$132,177,234","$112,898,200","$245,075,434"
451,452,2012,Silver Linings Playbook,"$132,092,958","$104,319,495","$236,412,453"
452,453,2002,Minority Report,"$132,024,714","$226,800,000","$358,824,714"
453,454,2007,Fantastic Four: Rise of the Silver Surfer,"$131,921,738","$157,558,953","$289,480,691"
454,455,2010,The Last Airbender,"$131,772,187","$187,941,694","$319,713,881"
455,456,2019,Shazam!,"$131,540,322","$215,031,303","$346,571,625"
456,457,2014,Rio 2,"$131,538,435","$361,307,856","$492,846,291"
457,458,2001,Lara Croft: Tomb Raider,"$131,144,183","$142,186,002","$273,330,185"
458,459,1991,The Silence of the Lambs,"$130,726,716","$145,000,000","$275,726,716"
459,460,1989,"Honey, I Shrunk the Kids","$130,724,172","$91,975,828","$222,700,000"
460,461,1994,The Flintstones,"$130,531,208","$227,968,792","$358,500,000"
461,462,1998,Lethal Weapon 4,"$130,444,603","$154,955,397","$285,400,000"
462,463,2008,Get Smart,"$130,319,208","$96,420,208","$226,739,416"
463,464,2015,The Divergent Series: Insurgent,"$130,179,072","$164,896,810","$295,075,882"
464,465,2015,The Peanuts Movie,"$130,178,411","$119,913,199","$250,091,610"
465,466,2017,Transformers: The Last Knight,"$130,168,683","$472,724,657","$602,893,340"
466,467,2007,American Gangster,"$130,164,645","$137,820,811","$267,985,456"
467,468,1999,American Beauty,"$130,058,047","$226,200,000","$356,258,047"
468,469,1982,An Officer and a Gentleman,"$129,795,554",$0,"$129,795,554"
469,470,2002,The Ring,"$129,094,024","$119,124,462","$248,218,486"
470,471,1996,The Nutty Professor,"$128,814,019","$145,000,000","$273,814,019"
471,472,2006,Borat,"$128,505,958","$132,937,284","$261,443,242"
472,473,2016,Ghostbusters,"$128,350,574","$100,658,084","$229,008,658"
473,474,2015,Kingsman: The Secret Service,"$128,261,724","$276,300,000","$404,561,724"
474,475,2005,Robots,"$128,200,012","$132,500,000","$260,700,012"
475,476,1988,Coming to America,"$128,152,301","$160,647,699","$288,800,000"
476,477,2000,"Crouching Tiger, Hidden Dragon","$128,067,808","$85,446,864","$213,514,672"
477,478,2010,Shutter Island,"$128,012,934","$171,448,848","$299,461,782"
478,479,2014,Into the Woods,"$128,002,372","$85,114,029","$213,116,401"
479,480,1985,Rocky IV,"$127,873,716","$172,500,000","$300,373,716"
480,481,2007,Enchanted,"$127,706,877","$212,677,264","$340,384,141"
481,482,2008,The Curious Case of Benjamin Button,"$127,509,326","$202,122,632","$329,631,958"
482,483,2016,Central Intelligence,"$127,440,871","$89,753,934","$217,194,805"
483,484,2013,Anchorman 2: The Legend Continues,"$127,352,707","$44,833,047","$172,185,754"
484,485,2002,Sweet Home Alabama,"$127,214,072","$55,151,042","$182,365,114"
485,486,2018,Bumblebee,"$127,195,589","$338,000,000","$465,195,589"
486,487,1994,Dumb & Dumber,"$127,175,374","$119,224,626","$246,400,000"
487,488,2003,2 Fast 2 Furious,"$127,120,058","$109,290,549","$236,410,607"
488,489,2011,Super 8,"$127,004,179","$130,968,566","$257,972,745"
489,490,1999,The World is Not Enough,"$126,930,660","$234,800,000","$361,730,660"
490,491,1997,My Best Friend's Wedding,"$126,813,153","$172,110,266","$298,923,419"
491,492,1977,Smokey and the Bandit,"$126,737,428",$0,"$126,737,428"
492,493,1993,Sleepless in Seattle,"$126,680,884","$101,218,442","$227,899,326"
493,494,2016,The Legend of Tarzan,"$126,643,061","$222,258,964","$348,902,025"
494,495,2007,Bee Movie,"$126,631,277","$160,963,300","$287,594,577"
495,496,2014,Lucy,"$126,573,960","$330,933,816","$457,507,776"
496,497,2012,Prometheus,"$126,477,084","$275,971,181","$402,448,265"
497,498,2002,Mr. Deeds,"$126,293,452","$44,976,083","$171,269,535"
498,499,2012,Safe House,"$126,181,630","$82,360,532","$208,542,162"
499,500,1985,The Dream is Alive,"$125,900,000",$0,"$125,900,000"
500,501,1998,The Truman Show,"$125,618,201","$138,500,000","$264,118,201"
501,502,2000,Erin Brockovich,"$125,548,685","$132,256,558","$257,805,243"
502,503,2004,Ocean's Twelve,"$125,531,634","$237,457,442","$362,989,076"
503,504,2009,Terminator Salvation,"$125,322,469","$240,169,323","$365,491,792"
504,505,2000,Charlie's Angels,"$125,305,545","$134,430,545","$259,736,090"
505,506,1997,Tomorrow Never Dies,"$125,304,276","$214,200,000","$339,504,276"
506,507,2013,Lone Survivor,"$125,095,601","$24,709,031","$149,804,632"
507,508,2016,Sully,"$125,070,033","$113,454,523","$238,524,556"
508,509,1982,Rocky III,"$125,049,125",$0,"$125,049,125"
509,510,2012,The Vow,"$125,014,030","$72,604,130","$197,618,160"
510,511,2012,Life of Pi,"$124,987,022","$495,924,981","$620,912,003"
511,512,2014,The Fault in Our Stars,"$124,872,350","$182,294,484","$307,166,834"
512,513,2009,Cloudy with a Chance of Meatballs,"$124,870,275","$111,957,402","$236,827,677"
513,514,2006,The Devil Wears Prada,"$124,740,460","$201,332,695","$326,073,155"
514,515,2003,Something's Gotta Give,"$124,685,242","$142,000,000","$266,685,242"
515,516,2000,Traffic,"$124,107,476","$84,192,524","$208,300,000"
516,517,1996,The Birdcage,"$124,060,553","$57,700,000","$181,760,553"
517,518,1991,City Slickers,"$124,033,791",$0,"$124,033,791"
518,519,1987,Good Morning Vietnam,"$123,922,370",$0,"$123,922,370"
519,520,2011,Rango,"$123,477,607","$122,246,993","$245,724,600"
520,521,2000,Nutty Professor II: The Klumps,"$123,307,945","$43,000,000","$166,307,945"
521,522,2015,The Good Dinosaur,"$123,087,120","$210,683,917","$333,771,037"
522,523,2013,G.I. Joe: Retaliation,"$122,523,060","$253,217,645","$375,740,705"
523,524,1994,Clear and Present Danger,"$122,012,656","$85,487,344","$207,500,000"
524,525,1992,The Bodyguard,"$121,945,720","$288,953,319","$410,899,039"
525,526,1992,Wayne's World,"$121,697,323","$61,400,000","$183,097,323"
526,527,2002,The Bourne Identity,"$121,468,960","$92,888,411","$214,357,371"
527,528,2007,Superbad,"$121,463,226","$48,491,916","$169,955,142"
528,529,1994,Speed,"$121,248,145","$161,951,855","$283,200,000"
529,530,2004,50 First Dates,"$120,776,832","$75,543,497","$196,320,329"
530,531,2009,Inglourious Basterds,"$120,774,594","$196,140,670","$316,915,264"
531,532,1990,The Hunt for Red October,"$120,709,866","$79,790,134","$200,500,000"
532,533,2018,Mamma Mia: Here We Go Again!,"$120,634,935","$271,824,610","$392,459,545"
533,534,1998,Mulan,"$120,620,254","$182,879,746","$303,500,000"
534,535,2003,Seabiscuit,"$120,277,854","$28,437,488","$148,715,342"
535,536,2004,Van Helsing,"$120,150,546","$180,000,000","$300,150,546"
536,537,2008,Four Christmases,"$120,146,040","$48,165,518","$168,311,558"
537,538,1994,The Mask,"$119,920,129","$231,700,000","$351,620,129"
538,539,2013,Cloudy with a Chance of Meatballs 2,"$119,793,567","$154,599,082","$274,392,649"
539,540,2007,I Now Pronounce You Chuck and Larry,"$119,725,280","$65,983,182","$185,708,462"
540,541,1991,Hook,"$119,654,823","$181,200,000","$300,854,823"
541,542,2005,Walk the Line,"$119,519,402","$68,188,093","$187,707,495"
542,543,1974,Blazing Saddles,"$119,500,000",$0,"$119,500,000"
543,544,2009,G-Force,"$119,436,770","$173,381,071","$292,817,841"
544,545,1990,Total Recall,"$119,394,839","$142,005,161","$261,400,000"
545,546,1981,On Golden Pond,"$119,285,432",$0,"$119,285,432"
546,547,2010,The Other Guys,"$119,219,978","$51,716,492","$170,936,470"
547,548,2004,Fahrenheit 9/11,"$119,114,517","$102,034,442","$221,148,959"
548,549,2007,Hairspray,"$118,871,849","$84,163,723","$203,035,572"
549,550,2006,The Break-Up,"$118,703,275","$87,024,032","$205,727,307"
550,551,2004,Lemony Snicket's A Series of Unfortunate Events,"$118,627,117","$94,328,907","$212,956,024"
551,552,2007,Blades of Glory,"$118,594,548","$27,000,000","$145,594,548"
552,553,2002,The Sum of All Fears,"$118,471,320","$75,028,680","$193,500,000"
553,554,1989,Back to the Future Part II,"$118,450,002","$213,549,998","$332,000,000"
554,555,2010,Salt,"$118,311,368","$172,339,126","$290,650,494"
555,556,1992,Basic Instinct,"$117,727,224","$234,972,776","$352,700,000"
556,557,2013,Now You See Me,"$117,723,989","$225,045,211","$342,769,200"
557,558,2000,Big Momma's House,"$117,559,438","$56,000,000","$173,559,438"
558,559,2011,Horrible Bosses,"$117,538,559","$94,879,042","$212,417,601"
559,560,2018,The Nun,"$117,450,119","$246,226,328","$363,676,447"
560,561,1990,Die Hard 2,"$117,323,878","$122,490,147","$239,814,025"
561,562,1976,Rocky,"$117,235,147","$107,764,853","$225,000,000"
562,563,2010,Jackass 3D,"$117,229,692","$54,456,101","$171,685,793"
563,564,2007,Ocean's Thirteen,"$117,144,465","$194,600,000","$311,744,465"
564,565,2013,The Wolf of Wall Street,"$116,900,694","$272,969,720","$389,870,414"
565,566,2003,S.W.A.T.,"$116,877,597","$90,277,151","$207,154,748"
566,567,1999,Double Jeopardy,"$116,735,231","$61,100,000","$177,835,231"
567,568,2002,8 Mile,"$116,724,075","$129,044,309","$245,768,384"
568,569,2013,Lee Daniels' The Butler,"$116,632,095","$60,393,403","$177,025,498"
569,570,2011,Green Lantern,"$116,601,172","$102,934,320","$219,535,492"
570,571,1999,Notting Hill,"$116,089,678","$247,638,407","$363,728,085"
571,572,1974,Towering Inferno,"$116,000,000","$23,700,000","$139,700,000"
572,573,1998,You've Got Mail,"$115,821,495","$134,978,505","$250,800,000"
573,574,2007,Ghost Rider,"$115,802,596","$113,742,993","$229,545,589"
574,575,2018,Creed II,"$115,715,889","$97,875,633","$213,591,522"
575,576,2000,Remember the Titans,"$115,654,751","$21,051,932","$136,706,683"
576,577,2009,District 9,"$115,646,235","$96,807,196","$212,453,431"
577,578,2014,Unbroken,"$115,637,895","$47,889,929","$163,527,824"
578,579,2018,Peter Rabbit,"$115,234,093","$231,902,384","$347,136,477"
579,580,2017,Girls Trip,"$115,108,515","$25,777,838","$140,886,353"
580,581,1986,"The Karate Kid, Part II","$115,103,979",$0,"$115,103,979"
581,582,1973,American Graffiti,"$115,000,000","$25,000,000","$140,000,000"
582,583,1988,Big,"$114,968,774","$36,700,000","$151,668,774"
583,584,2017,Fifty Shades Darker,"$114,434,010","$266,964,482","$381,398,492"
584,585,2004,Dodgeball: A True Underdog Story,"$114,326,736","$53,464,968","$167,791,704"
585,586,2004,The Village,"$114,197,520","$143,444,114","$257,641,634"
586,587,2008,Bolt,"$114,053,579","$213,961,450","$328,015,029"
587,588,1999,Wild Wild West,"$113,805,681","$107,423,654","$221,229,335"
588,589,2014,Night at the Museum: Secret of the Tomb,"$113,746,621","$240,010,000","$353,756,621"
589,590,2012,Magic Mike,"$113,721,571","$56,828,182","$170,549,753"
590,591,1991,The Addams Family,"$113,502,246","$78,000,000","$191,502,246"
591,592,2000,The Patriot,"$113,330,342","$101,969,658","$215,300,000"
592,593,2016,Bad Moms,"$113,257,297","$67,741,419","$180,998,716"
593,594,2012,The Bourne Legacy,"$113,203,870","$167,152,050","$280,355,920"
594,595,2005,The Pacifier,"$113,006,880","$85,000,000","$198,006,880"
595,596,2001,Dr. Dolittle 2,"$112,950,721","$63,151,000","$176,101,721"
596,597,2009,It's Complicated,"$112,735,375","$111,879,369","$224,614,744"
597,598,2001,Spy Kids,"$112,692,062","$85,000,000","$197,692,062"
598,599,1989,Ghostbusters II,"$112,494,738","$103,005,262","$215,500,000"
599,600,1997,Face/Off,"$112,276,146","$128,923,854","$241,200,000"
600,601,2013,The Hangover 3,"$112,200,072","$249,800,000","$362,000,072"
601,602,1988,Twins,"$111,936,388","$104,663,612","$216,600,000"
602,603,1965,Doctor Zhivago,"$111,897,830","$138,493","$112,036,323"
603,604,2003,Spy Kids 3-D: Game Over,"$111,760,631","$56,091,364","$167,851,995"
604,605,1998,Enemy of the State,"$111,549,836","$139,100,000","$250,649,836"
605,606,1989,The Little Mermaid,"$111,543,479","$110,756,279","$222,299,758"
606,607,2014,Mr. Peabody & Sherman,"$111,506,430","$158,300,000","$269,806,430"
607,608,2003,The Last Samurai,"$111,110,575","$345,700,000","$456,810,575"
608,609,2019,Glass,"$111,035,005","$134,268,500","$245,303,505"
609,610,2015,Spy!,"$110,825,712","$121,760,036","$232,585,748"
610,611,2005,Fun With Dick And Jane,"$110,550,000","$92,468,919","$203,018,919"
611,612,2008,Tropic Thunder,"$110,515,313","$80,629,943","$191,145,256"
612,613,2010,Valentine's Day,"$110,485,654","$107,083,674","$217,569,328"
613,614,2004,The Grudge,"$110,359,362","$76,921,753","$187,281,115"
614,615,2003,Freaky Friday,"$110,222,438","$50,600,000","$160,822,438"
615,616,2015,Trainwreck,"$110,212,700","$30,911,197","$141,123,897"
616,617,2008,Bedtime Stories,"$110,101,975","$111,366,960","$221,468,935"
617,618,2003,Scary Movie 3,"$110,000,082","$45,199,918","$155,200,000"
618,619,2015,Creed,"$109,767,581","$63,800,000","$173,567,581"
619,620,1986,Star Trek IV: The Voyage Home,"$109,713,132","$23,286,868","$133,000,000"
620,621,1982,Porky's,"$109,492,484",$0,"$109,492,484"
621,622,2005,The 40 Year-old Virgin,"$109,449,237","$67,894,993","$177,344,230"
622,623,1988,Crocodile Dundee 2,"$109,306,210","$130,300,000","$239,606,210"
623,624,2009,Couples Retreat,"$109,205,660","$63,244,763","$172,450,423"
624,625,1975,One Flew Over the Cuckoo's Nest,"$108,981,275","$16,354","$108,997,629"
625,626,1996,A Time to Kill,"$108,766,007","$43,500,000","$152,266,007"
626,627,2001,Black Hawk Down,"$108,638,745","$51,052,340","$159,691,085"
627,628,1983,Terms of Endearment,"$108,423,489",$0,"$108,423,489"
628,629,1995,Ace Ventura: When Nature Calls,"$108,360,063","$104,039,937","$212,400,000"
629,630,2001,The Princess Diaries,"$108,244,774","$57,090,000","$165,334,774"
630,631,2019,The Upside,"$108,235,497","$10,789,039","$119,024,536"
631,632,1981,Superman II,"$108,185,706",$0,"$108,185,706"
632,633,2011,Hop,"$108,085,305","$80,572,288","$188,657,593"
633,634,1994,Pulp Fiction,"$107,928,762","$105,000,000","$212,928,762"
634,635,2009,Paranormal Activity,"$107,918,810","$86,264,224","$194,183,034"
635,636,2017,Baby Driver,"$107,825,862","$120,278,323","$228,104,185"
636,637,1992,A League of Their Own,"$107,533,925","$24,906,141","$132,440,066"
637,638,2013,Epic,"$107,518,682","$155,275,759","$262,794,441"
638,639,2009,Watchmen,"$107,509,799","$79,466,451","$186,976,250"
639,640,2016,The Angry Birds Movie,"$107,509,366","$244,818,521","$352,327,887"
640,641,2019,Dumbo,"$107,474,962","$220,478,408","$327,953,370"
641,642,1997,Batman & Robin,"$107,325,195","$130,992,619","$238,317,814"
642,643,2013,Captain Phillips,"$107,136,417","$113,511,767","$220,648,184"
643,644,2010,Black Swan,"$106,954,678","$224,312,032","$331,266,710"
644,645,1999,Analyze This,"$106,885,658","$70,000,000","$176,885,658"
645,646,2000,Miss Congeniality,"$106,807,667","$106,613,284","$213,420,951"
646,647,2000,Chicken Run,"$106,793,915","$121,000,000","$227,793,915"
647,648,1993,Indecent Proposal,"$106,614,059","$159,985,941","$266,600,000"
648,649,1989,Driving Miss Daisy,"$106,593,296",$0,"$106,593,296"
649,650,2014,300: Rise of an Empire,"$106,580,051","$224,200,000","$330,780,051"
650,651,1995,Goldeneye,"$106,429,941","$250,000,000","$356,429,941"
651,652,1970,Love Story,"$106,397,186","$30,000,000","$136,397,186"
652,653,1979,Kramer vs. Kramer,"$106,260,000",$0,"$106,260,000"
653,654,2003,The Italian Job,"$106,126,012","$70,136,827","$176,262,839"
654,655,2003,How to Lose a Guy in 10 Days,"$105,807,520","$73,083,262","$178,890,782"
655,656,2019,The LEGO Movie 2: The Second Part,"$105,718,384","$82,907,238","$188,625,622"
656,657,1996,The First Wives Club,"$105,489,203","$76,000,000","$181,489,203"
657,658,2010,Robin Hood,"$105,487,148","$216,971,858","$322,459,006"
658,659,1994,Interview with the Vampire: The Vampire Chronicles,"$105,264,608","$118,300,000","$223,564,608"
659,660,1997,George Of The Jungle,"$105,263,257","$69,200,000","$174,463,257"
660,661,2017,Pitch Perfect 3,"$104,897,530","$80,838,882","$185,736,412"
661,662,1996,Phenomenon,"$104,636,382","$47,400,000","$152,036,382"
662,663,2009,The Princess and the Frog,"$104,400,899","$166,596,479","$270,997,378"
663,664,1967,The Graduate,"$104,397,102","$36,841","$104,433,943"
664,665,2010,The Chronicles of Narnia: The Voyage of the Daw…,"$104,386,950","$313,800,000","$418,186,950"
665,666,2003,American Wedding,"$104,354,205","$22,070,910","$126,425,115"
666,667,1978,Every Which Way but Loose,"$104,268,727",$0,"$104,268,727"
667,668,2003,Daddy Day Care,"$104,148,781","$60,136,806","$164,285,587"
668,669,2002,Road to Perdition,"$104,054,514","$79,300,000","$183,354,514"
669,670,2017,Daddy's Home 2,"$104,029,443","$71,777,740","$175,807,183"
670,671,2011,Paranormal Activity 3,"$104,028,807","$103,011,037","$207,039,844"
671,672,2012,Journey 2: The Mysterious Island,"$103,860,290","$214,285,872","$318,146,162"
672,673,2018,The Mule,"$103,804,407","$67,053,269","$170,857,676"
673,674,1990,Dick Tracy,"$103,738,726","$59,000,000","$162,738,726"
674,675,2012,Rise of the Guardians,"$103,412,758","$203,488,144","$306,900,902"
675,676,2006,Dreamgirls,"$103,365,956","$52,342,739","$155,708,695"
676,677,1980,Nine to Five,"$103,290,500","$9,647","$103,300,147"
677,678,2016,Independence Day: Resurgence,"$103,144,286","$281,025,138","$384,169,424"
678,679,2010,The Expendables,"$103,068,524","$165,199,650","$268,268,174"
679,680,1996,Scream,"$103,046,663","$70,000,000","$173,046,663"
680,681,2011,Just Go With It,"$103,028,109","$111,946,844","$214,974,953"
681,682,1978,Jaws 2,"$102,922,376","$105,978,000","$208,900,376"
682,683,2017,Murder on the Orient Express,"$102,826,543","$243,096,187","$345,922,730"
683,684,1942,Bambi,"$102,797,000","$165,203,000","$268,000,000"
684,685,1999,The General's Daughter,"$102,705,852","$47,000,000","$149,705,852"
685,686,2004,The Aviator,"$102,608,827","$105,762,065","$208,370,892"
686,687,2003,Daredevil,"$102,543,518","$80,239,000","$182,782,518"
687,688,2011,The Girl with the Dragon Tattoo,"$102,515,793","$136,858,177","$239,373,970"
688,689,2008,The Mummy: Tomb of the Dragon Emperor,"$102,491,776","$303,268,449","$405,760,225"
689,690,2016,The Conjuring 2: The Enfield Poltergeist,"$102,470,008","$208,792,094","$311,262,102"
690,691,2014,The Maze Runner,"$102,427,862","$245,891,999","$348,319,861"
691,692,1969,Butch Cassidy and the Sundance Kid,"$102,308,900","$1,753","$102,310,653"
692,693,1964,Mary Poppins,"$102,272,145",$0,"$102,272,145"
693,694,1993,In the Line of Fire,"$102,243,874","$85,100,000","$187,343,874"
694,695,2017,Annabelle: Creation,"$102,092,201","$203,292,664","$305,384,865"
695,696,2018,The Equalizer 2,"$102,084,362","$88,368,770","$190,453,132"
696,697,2013,Jackass Presents: Bad Grandpa,"$102,003,019","$58,900,000","$160,903,019"
697,698,2013,Pacific Rim,"$101,802,906","$309,200,000","$411,002,906"
698,699,1999,American Pie,"$101,800,948","$132,922,200","$234,723,148"
699,700,2008,Journey to the Center of the Earth,"$101,704,370","$141,476,567","$243,180,937"
700,701,2000,Gone in 60 Seconds,"$101,643,008","$131,000,000","$232,643,008"
701,702,1994,Maverick,"$101,631,272","$81,383,965","$183,015,237"
702,703,1991,Sleeping with the Enemy,"$101,599,005","$73,369,937","$174,968,942"
703,704,2014,The Equalizer,"$101,530,738","$91,372,886","$192,903,624"
704,705,2013,This is the End,"$101,470,202","$25,068,915","$126,539,117"
705,706,2008,Eagle Eye,"$101,440,743","$79,144,516","$180,585,259"
706,707,1998,The Prince of Egypt,"$101,413,188","$117,200,000","$218,613,188"
707,708,1997,Scream 2,"$101,363,301","$71,000,000","$172,363,301"
708,709,1980,Stir Crazy,"$101,300,000",$0,"$101,300,000"
709,710,1996,Eraser,"$101,295,562","$133,104,438","$234,400,000"
710,711,2014,Noah,"$101,200,044","$251,631,021","$352,831,065"
711,712,1992,Unforgiven,"$101,157,447","$58,000,000","$159,157,447"
712,713,1997,Con Air,"$101,117,573","$123,000,000","$224,117,573"
713,714,1999,Sleepy Hollow,"$101,068,340","$106,000,000","$207,068,340"
714,715,2018,Rampage,"$101,028,233","$327,028,047","$428,056,280"
715,716,2003,The Cat in the Hat,"$101,018,283","$32,800,000","$133,818,283"
716,717,1997,Contact,"$100,920,329","$64,979,671","$165,900,000"
717,718,2003,Charlie's Angels: Full Throttle,"$100,814,328","$126,385,672","$227,200,000"
718,719,1993,The Pelican Brief,"$100,768,056","$87,227,803","$187,995,859"
719,720,2001,Vanilla Sky,"$100,614,858","$102,111,747","$202,726,605"
720,721,2016,Arrival,"$100,546,139","$102,581,755","$203,127,894"
721,722,2010,Due Date,"$100,539,043","$111,200,000","$211,739,043"
722,723,1998,The Rugrats Movie,"$100,494,685","$40,400,000","$140,894,685"
723,724,2004,Million Dollar Baby,"$100,492,203","$131,436,024","$231,928,227"
724,725,1970,Airport,"$100,489,150",$0,"$100,489,150"
725,726,2018,A Wrinkle in Time,"$100,478,608","$32,923,274","$133,401,882"
726,727,2008,Step Brothers,"$100,468,793","$28,000,000","$128,468,793"
727,728,1995,Jumanji,"$100,458,310","$162,300,000","$262,758,310"
728,729,2018,Fifty Shades Freed,"$100,407,760","$270,942,859","$371,350,619"
729,730,2011,Cowboys and Aliens,"$100,368,560","$75,669,764","$176,038,324"
730,731,1995,Casper,"$100,328,194","$181,971,806","$282,300,000"
731,732,1998,Shakespeare in Love,"$100,317,794","$179,182,206","$279,500,000"
732,733,2011,Bad Teacher,"$100,292,856","$115,156,141","$215,448,997"
733,734,2007,Evan Almighty,"$100,289,690","$73,841,639","$174,131,329"
734,735,2010,Yogi Bear,"$100,246,011","$104,528,679","$204,774,690"
735,736,2017,Kingsman: The Golden Circle,"$100,234,838","$308,568,858","$408,803,696"
736,737,2014,Edge of Tomorrow,"$100,206,256","$270,335,000","$370,541,256"
737,738,2004,Collateral,"$100,170,152","$117,500,000","$217,670,152"
738,739,1996,The Hunchback of Notre Dame,"$100,138,851","$225,361,149","$325,500,000"
739,740,1995,Se7en,"$100,125,643","$228,000,000","$328,125,643"
740,741,1989,Parenthood,"$100,047,830","$26,250,000","$126,297,830"
741,742,2008,You Don't Mess With the Zohan,"$100,018,837","$102,892,154","$202,910,991"
742,743,2016,Passengers,"$100,014,699","$202,224,973","$302,239,672"
743,744,1995,Die Hard: With a Vengeance,"$100,012,499","$266,089,167","$366,101,666"
744,745,2011,Gnomeo and Juliet,"$99,967,670","$93,770,307","$193,737,977"
745,746,2018,Christopher Robin,"$99,215,042","$98,289,716","$197,504,758"
746,747,1997,Hercules,"$99,112,101","$151,587,899","$250,700,000"
747,748,2013,Olympus Has Fallen,"$98,927,592","$51,634,572","$150,562,164"
748,749,1978,Heaven Can Wait,"$98,800,000",$0,"$98,800,000"
749,750,2011,The Green Hornet,"$98,780,042","$130,375,461","$229,155,503"
750,751,2010,Date Night,"$98,711,404","$53,557,629","$152,269,033"
751,752,1971,Billy Jack,"$98,000,000",$0,"$98,000,000"
752,753,2007,Meet the Robinsons,"$97,822,171","$72,730,548","$170,552,719"
753,754,2008,Yes Man,"$97,690,976","$128,300,000","$225,990,976"
754,755,2016,Sausage Party,"$97,670,358","$43,673,897","$141,344,255"
755,756,1999,Inspector Gadget,"$97,387,965",$0,"$97,387,965"
756,757,2009,Public Enemies,"$97,104,620","$115,178,089","$212,282,709"
757,758,2010,The Social Network,"$96,962,694","$127,959,441","$224,922,135"
758,759,1993,Schindler's List,"$96,898,818","$225,298,314","$322,197,132"
759,760,2001,The Others,"$96,522,687","$111,242,369","$207,765,056"
760,761,2001,Legally Blonde,"$96,493,426","$45,315,809","$141,809,235"
761,762,1989,Dead Poets Society,"$95,860,116","$143,639,884","$239,500,000"
762,763,2012,Zero Dark Thirty,"$95,720,716","$38,891,719","$134,612,435"
763,764,2007,Norbit,"$95,673,607","$63,300,000","$158,973,607"
764,765,2003,Cold Mountain,"$95,632,614","$69,541,295","$165,173,909"
765,766,2010,Sex and the City 2,"$95,347,692","$199,333,086","$294,680,778"
766,767,1996,Michael,"$95,345,070","$24,400,000","$119,745,070"
767,768,2002,Panic Room,"$95,308,367","$101,000,000","$196,308,367"
768,769,2004,The Princess Diaries 2: Royal Engagement,"$95,149,435","$26,922,000","$122,071,435"
769,770,2013,42,"$95,020,213","$2,450,488","$97,470,701"
770,771,2000,Unbreakable,"$94,999,143","$153,100,000","$248,099,143"
771,772,2010,The Book of Eli,"$94,835,059","$63,915,758","$158,750,817"
772,773,2008,"10,000 B.C.","$94,784,201","$174,281,477","$269,065,678"
773,774,2008,Beverly Hills Chihuahua,"$94,514,402","$59,703,766","$154,218,168"
774,775,2009,Julie & Julia,"$94,125,426","$32,520,693","$126,646,119"
775,776,2009,He's Just Not That Into You,"$93,953,653","$87,100,004","$181,053,657"
776,777,2002,Maid in Manhattan,"$93,932,896","$69,905,321","$163,838,217"
777,778,2003,Master and Commander: The Far Side of the World,"$93,926,386","$118,985,751","$212,912,137"
778,779,1998,The Mask of Zorro,"$93,828,745","$139,871,255","$233,700,000"
779,780,2012,Flight,"$93,772,375","$66,786,063","$160,558,438"
780,781,2010,The Fighter,"$93,617,009","$35,645,379","$129,262,388"
781,782,2001,America's Sweethearts,"$93,607,673","$67,040,820","$160,648,493"
782,783,1955,Lady and the Tramp,"$93,600,000",$0,"$93,600,000"
783,784,1985,The Color Purple,"$93,589,701",$0,"$93,589,701"
784,785,2007,The Bucket List,"$93,466,502","$81,340,943","$174,807,445"
785,786,2015,Tomorrowland,"$93,436,322","$113,191,196","$206,627,518"
786,787,2016,The Magnificent Seven,"$93,432,655","$69,092,501","$162,525,156"
787,788,2001,Cats & Dogs,"$93,375,151","$107,324,849","$200,700,000"
788,789,2002,Two Weeks Notice,"$93,354,918","$105,688,391","$199,043,309"
789,790,1972,The Poseidon Adventure,"$93,300,000",$0,"$93,300,000"
790,791,2002,Space Station,"$93,231,060","$33,282,126","$126,513,186"
791,792,2013,Elysium,"$93,050,117","$193,141,974","$286,192,091"
792,793,1997,Flubber,"$92,993,801","$85,000,000","$177,993,801"
793,794,2002,Red Dragon,"$92,955,420","$113,500,000","$206,455,420"
794,795,1989,When Harry Met Sally...,"$92,823,546","$138,414","$92,961,960"
795,796,2010,The Town,"$92,186,262","$60,380,619","$152,566,881"
796,797,1994,The Client,"$92,115,211","$25,500,000","$117,615,211"
797,798,2017,Blade Runner 2049,"$92,054,159","$167,303,249","$259,357,408"
798,799,2017,John Wick: Chapter Two,"$92,029,184","$79,320,825","$171,350,009"
799,800,1996,Star Trek: First Contact,"$92,027,888","$57,972,112","$150,000,000"
800,801,2014,Non-Stop,"$91,742,160","$130,640,895","$222,383,055"
801,802,2012,Think Like a Man,"$91,547,205","$21,826,559","$113,373,764"
802,803,1990,Kindergarten Cop,"$91,457,688","$110,542,312","$202,000,000"
803,804,1995,Crimson Tide,"$91,387,195","$68,000,000","$159,387,195"
804,805,2014,Heaven is for Real,"$91,386,097","$9,530,202","$100,916,299"
805,806,1986,Back to School,"$91,258,000",$0,"$91,258,000"
806,807,1999,The Haunting,"$91,188,905","$89,000,000","$180,188,905"
807,808,1998,Stepmom,"$91,137,662","$68,607,617","$159,745,279"
808,809,2014,The Imitation Game,"$91,125,143","$136,615,320","$227,740,463"
809,810,2001,Save the Last Dance,"$91,038,276","$31,206,053","$122,244,329"
810,811,2016,Ride Along 2,"$90,862,685","$33,964,631","$124,827,316"
811,812,1984,The Karate Kid,"$90,815,558",$0,"$90,815,558"
812,813,2010,Prince of Persia: Sands of Time,"$90,759,676","$245,600,000","$336,359,676"
813,814,1998,Antz,"$90,757,863","$61,700,000","$152,457,863"
814,815,2006,Scary Movie 4,"$90,710,620","$88,000,000","$178,710,620"
815,816,2007,The Game Plan,"$90,648,202","$55,942,785","$146,590,987"
816,817,2003,"Legally Blonde 2: Red, White & Blonde","$90,639,088","$34,700,000","$125,339,088"
817,818,2002,The Scorpion King,"$90,580,000","$75,310,634","$165,890,634"
818,819,2000,"Me, Myself & Irene","$90,570,999","$58,700,000","$149,270,999"
819,820,2008,High School Musical 3: Senior Year,"$90,559,416","$183,833,464","$274,392,880"
820,821,2009,Madea Goes To Jail,"$90,508,336",$0,"$90,508,336"
821,822,1983,Flashdance,"$90,463,574","$111,000,000","$201,463,574"
822,823,1996,Space Jam,"$90,463,534","$159,736,466","$250,200,000"
823,824,2000,Space Cowboys,"$90,454,043","$38,420,000","$128,874,043"
824,825,2015,Get Hard,"$90,411,453","$16,100,000","$106,511,453"
825,826,1983,Trading Places,"$90,400,000",$0,"$90,400,000"
826,827,2010,Red,"$90,380,162","$106,059,531","$196,439,693"
827,828,2013,Disney Planes,"$90,282,580","$147,776,989","$238,059,569"
828,829,2003,Mystic River,"$90,135,191","$66,686,829","$156,822,020"
829,830,2015,Terminator: Genisys,"$89,760,956","$342,389,938","$432,150,894"
830,831,2005,Flightplan,"$89,706,988","$124,685,916","$214,392,904"
831,832,1991,Father of the Bride,"$89,325,780",$0,"$89,325,780"
832,833,2013,The Lone Ranger,"$89,302,115","$170,700,000","$260,002,115"
833,834,2000,The Emperor's New Groove,"$89,296,573","$80,000,000","$169,296,573"
834,835,2015,Taken 3,"$89,256,424","$238,400,000","$327,656,424"
835,836,2016,Don't Breathe,"$89,217,875","$69,755,810","$158,973,685"
836,837,2000,Scream 3,"$89,138,076","$72,700,000","$161,838,076"
837,838,2013,Oblivion,"$89,107,235","$198,809,398","$287,916,633"
838,839,1974,The Trial of Billy Jack,"$89,000,000",$0,"$89,000,000"
839,840,2009,The Ugly Truth,"$88,915,214","$116,383,693","$205,298,907"
840,841,2010,Percy Jackson & the Olympians: The Lightning Thief,"$88,768,303","$134,282,571","$223,050,874"
841,842,2006,Failure to Launch,"$88,715,192","$39,687,709","$128,402,901"
842,843,2006,Inside Man,"$88,634,237","$97,164,028","$185,798,265"
843,844,2011,The Muppets,"$88,625,922","$72,346,000","$160,971,922"
844,845,1995,Waterworld,"$88,246,220","$176,000,000","$264,246,220"
845,846,2004,Starsky & Hutch,"$88,200,225","$82,000,000","$170,200,225"
846,847,2004,Along Came Polly,"$88,073,507","$84,970,903","$173,044,410"
847,848,1990,Back to the Future Part III,"$88,055,283","$156,033,371","$244,088,654"
848,849,1992,The Hand That Rocks the Cradle,"$88,036,683",$0,"$88,036,683"
849,850,1999,Entrapment,"$87,707,396","$123,992,604","$211,700,000"
850,851,1953,Peter Pan,"$87,400,000",$0,"$87,400,000"
851,852,2008,Pineapple Express,"$87,341,380","$15,062,639","$102,404,019"
852,853,2016,Miss Peregrine's Home for Peculiar Children,"$87,242,834","$208,744,042","$295,986,876"
853,854,1998,Everest,"$87,178,599","$40,811,529","$127,990,128"
854,855,2015,Sisters,"$87,044,645","$18,986,015","$106,030,660"
855,856,2005,Saw II,"$87,025,093","$65,900,000","$152,925,093"
856,857,1991,The Naked Gun 2½: The Smell of Fear,"$86,930,411",$0,"$86,930,411"
857,858,2012,The Campaign,"$86,907,746","$18,000,000","$104,907,746"
858,859,1976,To Fly!,"$86,600,000","$34,100,000","$120,700,000"
859,860,1979,The Amityville Horror,"$86,432,520",$0,"$86,432,520"
860,861,1990,Presumed Innocent,"$86,303,188","$134,996,812","$221,300,000"
861,862,1974,Young Frankenstein,"$86,300,000",$0,"$86,300,000"
862,863,2016,The Accountant,"$86,260,045","$66,702,038","$152,962,083"
863,864,2014,Dumb and Dumber To,"$86,208,010","$70,345,582","$156,553,592"
864,865,2017,The Emoji Movie,"$86,089,513","$130,479,466","$216,568,979"
865,866,2004,Mean Girls,"$86,047,227","$44,905,799","$130,953,026"
866,867,2014,Annie,"$85,911,262","$53,918,363","$139,829,625"
867,868,2015,Alvin and the Chipmunks: The Road Chip,"$85,886,987","$163,630,969","$249,517,956"
868,869,2002,Spy Kids 2: The Island of Lost Dreams,"$85,846,296","$33,875,000","$119,721,296"
869,870,2014,Fury,"$85,817,906","$124,497,775","$210,315,681"
870,871,1999,Pokemon: The First Movie,"$85,744,662","$77,900,000","$163,644,662"
871,872,2019,Alita: Battle Angel,"$85,657,794","$317,265,826","$402,923,620"
872,873,2011,Real Steel,"$85,463,309","$178,417,032","$263,880,341"
873,874,2004,SpongeBob SquarePants: The Movie,"$85,416,609","$56,634,646","$142,051,255"
874,875,1956,The Ten Commandments,"$85,400,591","$33,925","$85,434,516"
875,876,2017,Power Rangers,"$85,364,450","$57,167,102","$142,531,552"
876,877,2003,Brother Bear,"$85,336,277","$165,061,521","$250,397,798"
877,878,1981,Stripes,"$85,300,000",$0,"$85,300,000"
878,879,1979,Rocky 2,"$85,182,160","$115,000,000","$200,182,160"
879,880,1986,Aliens,"$85,160,248","$98,156,207","$183,316,455"
880,881,2006,Open Season,"$85,105,259","$106,826,899","$191,932,158"
881,882,2018,Green Book,"$85,069,526","$232,377,773","$317,447,299"
882,883,2012,The Expendables 2,"$85,028,192","$226,951,064","$311,979,256"
883,884,1950,Cinderella,"$85,000,000","$178,591,415","$263,591,415"
884,885,1995,Dangerous Minds,"$84,919,401","$94,000,000","$178,919,401"
885,886,2010,Paranormal Activity 2,"$84,752,907","$92,759,125","$177,512,032"
886,887,2014,Tammy,"$84,525,432","$11,882,223","$96,407,655"
887,888,2006,The Santa Clause 3: The Escape Clause,"$84,500,122","$23,000,000","$107,500,122"
888,889,2017,Ferdinand,"$84,410,380","$205,448,783","$289,859,163"
889,890,2011,"Crazy, Stupid, Love","$84,351,197","$62,791,131","$147,142,328"
890,891,1940,Pinocchio,"$84,300,000",$0,"$84,300,000"
891,892,2014,Annabelle,"$84,273,813","$172,589,107","$256,862,920"
892,893,2004,Scooby-Doo 2: Monsters Unleashed,"$84,185,387","$97,000,000","$181,185,387"
893,894,2004,Anchorman: The Legend of Ron Burgundy,"$84,136,909","$5,339,356","$89,476,265"
894,895,2001,Atlantis: The Lost Empire,"$84,052,762","$101,996,258","$186,049,020"
895,896,1993,Cliffhanger,"$84,049,211","$170,950,789","$255,000,000"
896,897,2014,The Other Woman,"$83,911,193","$111,200,000","$195,111,193"
897,898,1998,The X Files: Fight the Future,"$83,898,313","$105,278,110","$189,176,423"
898,899,2009,Up in the Air,"$83,823,381","$83,019,358","$166,842,739"
899,900,1989,Steel Magnolias,"$83,759,091","$11,392,847","$95,151,938"
900,901,1977,The Goodbye Girl,"$83,700,000",$0,"$83,700,000"
901,902,1989,The War of the Roses,"$83,699,711",$0,"$83,699,711"
902,903,2012,Wrath of the Titans,"$83,670,083","$221,600,000","$305,270,083"
903,904,2013,Insidious Chapter 2,"$83,586,447","$78,335,068","$161,921,515"
904,905,1992,Under Siege,"$83,563,139","$73,000,000","$156,563,139"
905,906,2011,Battle: Los Angeles,"$83,552,429","$129,911,547","$213,463,976"
906,907,2011,Immortals,"$83,504,017","$128,058,418","$211,562,435"
907,908,2018,I Can Only Imagine,"$83,482,352","$1,981,338","$85,463,690"
908,909,1980,Airplane!,"$83,453,539",$0,"$83,453,539"
909,910,2014,Penguins of Madagascar,"$83,350,911","$283,591,620","$366,942,531"
910,911,1940,Fantasia,"$83,320,000",$0,"$83,320,000"
911,912,2013,Saving Mr. Banks,"$83,299,761","$31,662,764","$114,962,525"
912,913,1992,Patriot Games,"$83,287,363","$94,812,637","$178,100,000"
913,914,2018,Smallfoot,"$83,240,103","$130,453,506","$213,693,609"
914,915,2008,Valkyrie,"$83,107,829","$120,824,345","$203,932,174"
915,916,2005,Brokeback Mountain,"$83,043,761","$93,937,102","$176,980,863"
916,917,2013,Turbo,"$83,028,130","$203,868,448","$286,896,578"
917,918,1994,Disclosure,"$83,015,089","$129,184,911","$212,200,000"
918,919,2006,Charlotte's Web,"$82,985,708","$61,000,000","$143,985,708"
919,920,2005,Monster-in-Law,"$82,931,301","$73,000,000","$155,931,301"
920,921,2005,Are We There Yet?,"$82,674,398","$15,440,073","$98,114,471"
921,922,1990,Days of Thunder,"$82,670,733","$75,000,000","$157,670,733"
922,923,2011,The Descendants,"$82,624,961","$92,882,839","$175,507,800"
923,924,2003,Freddy vs. Jason,"$82,622,655","$31,953,748","$114,576,403"
924,925,1995,Mr. Holland's Opus,"$82,582,604","$23,700,000","$106,282,604"
925,926,2005,Cheaper by the Dozen 2,"$82,571,173","$52,444,157","$135,015,330"
926,927,1992,Bram Stoker's Dracula,"$82,522,790","$133,339,902","$215,862,692"
927,928,2014,Let's Be Cops,"$82,390,774","$54,500,000","$136,890,774"
928,929,2007,Beowulf,"$82,280,579","$112,800,000","$195,080,579"
929,930,1979,Star Trek: The Motion Picture,"$82,258,456","$56,741,544","$139,000,000"
930,931,2007,Bridge to Terabithia,"$82,234,139","$55,750,649","$137,984,788"
931,932,2006,The Pink Panther,"$82,226,474","$76,700,000","$158,926,474"
932,933,2016,Teenage Mutant Ninja Turtles: Out of the Shadows,"$82,051,601","$163,276,773","$245,328,374"
933,934,2017,The Post,"$81,903,458","$97,845,422","$179,748,880"
934,935,2015,Maze Runner: The Scorch Trials,"$81,697,192","$228,868,970","$310,566,162"
935,936,2002,Blade 2,"$81,676,888","$72,661,713","$154,338,601"
936,937,2006,Eight Below,"$81,612,565","$38,843,429","$120,455,994"
937,938,1970,M*A*S*H,"$81,600,000",$0,"$81,600,000"
938,939,2010,Unstoppable,"$81,562,942","$84,157,979","$165,720,921"
939,940,1999,Payback,"$81,526,121","$80,100,000","$161,626,121"
940,941,2015,Ted 2,"$81,476,385","$135,737,758","$217,214,143"
941,942,1981,Arthur,"$81,464,486",$0,"$81,464,486"
942,943,1988,Die Hard,"$81,350,242","$57,759,104","$139,109,346"
943,944,1999,The Talented Mr. Ripley,"$81,292,135","$47,500,000","$128,792,135"
944,945,2003,School of Rock,"$81,261,177","$50,683,495","$131,944,672"
945,946,1991,Fried Green Tomatoes,"$81,204,830",$0,"$81,204,830"
946,947,1984,Police Academy,"$81,198,894",$0,"$81,198,894"
947,948,2008,21,"$81,159,365","$78,687,064","$159,846,429"
948,949,2002,Snow Dogs,"$81,150,692","$35,747,336","$116,898,028"
949,950,1995,While You Were Sleeping,"$81,057,016","$101,000,000","$182,057,016"
950,951,1995,Congo,"$81,022,333","$71,000,000","$152,022,333"
951,952,2004,The Notebook,"$81,001,787","$35,023,236","$116,025,023"
952,953,2001,Jimmy Neutron: Boy Genius,"$80,936,232","$22,056,304","$102,992,536"
953,954,1979,Alien,"$80,930,630","$122,700,000","$203,630,630"
954,955,2007,Disturbia,"$80,818,974","$37,718,653","$118,537,627"
955,956,1987,Moonstruck,"$80,640,528",$0,"$80,640,528"
956,957,2010,Eat Pray Love,"$80,574,010","$126,024,779","$206,598,789"
957,958,2003,The Texas Chainsaw Massacre,"$80,571,655","$27,395,664","$107,967,319"
958,959,1971,Fiddler on the Roof,"$80,500,000",$0,"$80,500,000"
959,960,2011,Zookeeper,"$80,360,866","$90,444,659","$170,805,525"
960,961,2004,AVP: Alien Vs. Predator,"$80,281,096","$92,262,423","$172,543,519"
961,962,2008,What Happens in Vegas...,"$80,277,646","$138,258,062","$218,535,708"
962,963,2005,The Dukes of Hazzard,"$80,270,227","$29,578,234","$109,848,461"
963,964,1998,The Wedding Singer,"$80,245,725","$43,100,000","$123,345,725"
964,965,2006,Saw III,"$80,238,724","$83,638,091","$163,876,815"
965,966,2006,Nacho Libre,"$80,197,993","$19,098,469","$99,296,462"
966,967,2008,Jumper,"$80,172,128","$142,468,684","$222,640,812"
967,968,2017,The Mummy,"$80,101,125","$329,852,780","$409,953,905"
968,969,2012,Jack Reacher,"$80,070,736","$137,300,000","$217,370,736"
969,970,2015,Goosebumps,"$80,069,458","$78,835,866","$158,905,324"
970,971,2008,Cloverfield,"$80,048,433","$91,253,793","$171,302,226"
971,972,1990,Another 48 Hrs.,"$80,047,413","$72,700,000","$152,747,413"
972,973,2010,Dear John,"$80,014,842","$62,018,667","$142,033,509"
973,974,1984,Footloose,"$80,000,000",$0,"$80,000,000"
974,975,2009,Knowing,"$79,957,634","$106,492,683","$186,450,317"
975,976,2011,War Horse,"$79,883,359","$76,932,170","$156,815,529"
976,977,1986,The Golden Child,"$79,817,937",$0,"$79,817,937"
977,978,2012,Dark Shadows,"$79,727,149","$158,475,519","$238,202,668"
978,979,1974,Earthquake,"$79,700,000",$0,"$79,700,000"
979,980,2009,Hannah Montana the Movie,"$79,576,189","$89,597,017","$169,173,206"
980,981,2008,The Day the Earth Stood Still,"$79,366,978","$158,003,372","$237,370,350"
981,982,2011,Limitless,"$79,249,455","$76,315,464","$155,564,919"
982,983,1985,Out of Africa,"$79,096,868","$179,113,992","$258,210,860"
983,984,1991,Cape Fear,"$79,091,969","$103,200,000","$182,291,969"
984,985,2016,The Purge: Election Year,"$79,042,440","$39,472,287","$118,514,727"
985,986,1982,Star Trek II: The Wrath of Khan,"$78,912,963","$16,887,037","$95,800,000"
986,987,1979,Apocalypse Now,"$78,800,000","$2,450,485","$81,250,485"
987,988,2015,Pixels,"$78,765,986","$165,275,818","$244,041,804"
988,989,1998,City of Angels,"$78,750,909","$120,000,000","$198,750,909"
989,990,1996,The English Patient,"$78,716,374","$152,993,634","$231,710,008"
990,991,1991,Teenage Mutant Ninja Turtles II: The Secret of …,"$78,656,813",$0,"$78,656,813"
991,992,2001,Artificial Intelligence: AI,"$78,616,689","$157,283,311","$235,900,000"
992,993,1988,Cocktail,"$78,222,753",$0,"$78,222,753"
993,994,2002,We Were Soldiers,"$78,120,196","$36,538,066","$114,658,262"
994,995,2011,Tower Heist,"$78,046,570","$72,376,376","$150,422,946"
995,996,1988,The Naked Gun: From the Files of Police Squad!,"$78,041,829",$0,"$78,041,829"
996,997,2014,The Monuments Men,"$78,031,620","$80,671,128","$158,702,748"
997,998,2004,Man on Fire,"$77,906,816","$53,061,763","$130,968,579"
998,999,1991,Backdraft,"$77,868,585","$74,500,000","$152,368,585"
999,1000,2002,Gangs of New York,"$77,730,500","$105,394,121","$183,124,621"
1000,1001,1993,Free Willy,"$77,698,625","$76,000,000","$153,698,625"
1001,1002,2011,The Adventures of Tintin,"$77,591,831","$296,402,120","$373,993,951"
1002,1003,2005,La marche de l'empereur,"$77,437,223","$55,839,136","$133,276,359"
1003,1004,2018,Night School,"$77,339,130","$25,669,662","$103,008,792"
1004,1005,1993,Philadelphia,"$77,324,422","$124,000,000","$201,324,422"
1005,1006,2012,Parental Guidance,"$77,267,296","$43,565,087","$120,832,383"
1006,1007,2009,Where the Wild Things Are,"$77,233,467","$21,890,189","$99,123,656"
1007,1008,2010,The A-Team,"$77,222,099","$100,019,072","$177,241,171"
1008,1009,2000,U-571,"$77,086,030","$50,544,000","$127,630,030"
1009,1010,2004,The Terminal,"$77,073,959","$141,600,000","$218,673,959"
1010,1011,2016,Alice Through the Looking Glass,"$77,042,381","$199,885,731","$276,928,112"
1011,1012,2008,27 Dresses,"$76,808,654","$83,439,151","$160,247,805"
1012,1013,1979,The Muppet Movie,"$76,657,000",$0,"$76,657,000"
1013,1014,1995,Father of the Bride Part II,"$76,578,911",$0,"$76,578,911"
1014,1015,2000,Rugrats in Paris,"$76,501,438","$26,783,375","$103,284,813"
1015,1016,1984,Star Trek III: The Search for Spock,"$76,471,046","$10,528,954","$87,000,000"
1016,1017,2010,Knight and Day,"$76,423,035","$182,328,335","$258,751,370"
1017,1018,1987,The Untouchables,"$76,270,454",$0,"$76,270,454"
1018,1019,2001,Training Day,"$76,261,036","$28,244,326","$104,505,362"
1019,1020,1985,Cocoon,"$76,257,348",$0,"$76,257,348"
1020,1021,1992,White Men Can't Jump,"$76,253,806","$14,500,000","$90,753,806"
1021,1022,2016,Pete's Dragon,"$76,233,151","$61,535,824","$137,768,975"
1022,1023,2015,Paddington,"$76,223,578","$182,565,519","$258,789,097"
1023,1024,1997,Conspiracy Theory,"$76,118,990","$66,664,728","$142,783,718"
1024,1025,2008,Hellboy II: The Golden Army,"$75,986,503","$84,401,560","$160,388,063"
1025,1026,2005,Constantine,"$75,976,178","$145,618,733","$221,594,911"
1026,1027,2005,The Ring Two,"$75,941,727","$86,000,000","$161,941,727"
1027,1028,1982,48 Hrs.,"$75,936,265",$0,"$75,936,265"
1028,1029,2003,The Haunted Mansion,"$75,817,994","$79,932,634","$155,750,628"
1029,1030,2006,"You, Me and Dupree","$75,802,010","$54,600,000","$130,402,010"
1030,1031,2002,Barbershop,"$75,781,642","$1,281,819","$77,063,461"
1031,1032,2015,The Intern,"$75,764,672","$121,351,038","$197,115,710"
1032,1033,2000,The Family Man,"$75,764,085","$48,951,778","$124,715,863"
1033,1034,1994,Star Trek: Generations,"$75,671,262","$44,328,738","$120,000,000"
1034,1035,2011,Contagion,"$75,658,097","$61,893,497","$137,551,594"
1035,1036,2011,We Bought a Zoo,"$75,624,550","$43,104,523","$118,729,073"
1036,1037,2013,2 Guns,"$75,612,460","$56,880,555","$132,493,015"
1037,1038,2011,Moneyball,"$75,605,492","$35,695,343","$111,300,835"
1038,1039,2002,The Rookie,"$75,600,072","$4,891,444","$80,491,516"
1039,1040,2009,Zombieland,"$75,590,286","$26,646,310","$102,236,596"
1040,1041,1995,Braveheart,"$75,545,647","$133,499,597","$209,045,244"
1041,1042,1999,Any Given Sunday,"$75,530,832","$24,700,000","$100,230,832"
1042,1043,1992,The Last of the Mohicans,"$75,505,856",$0,"$75,505,856"
1043,1044,2017,The Hitman's Bodyguard,"$75,468,583","$97,310,084","$172,778,667"
1044,1045,2016,The Girl on the Train,"$75,395,035","$98,883,179","$174,278,214"
1045,1046,1998,The Horse Whisperer,"$75,383,563","$111,500,000","$186,883,563"
1046,1047,2004,Garfield: The Movie,"$75,367,693","$132,726,857","$208,094,550"
1047,1048,2004,Ray,"$75,305,995","$49,517,099","$124,823,094"
1048,1049,2009,Coraline,"$75,286,229","$50,750,828","$126,037,057"
1049,1050,2003,Old School,"$75,155,000","$11,610,463","$86,765,463"
1050,1051,1984,Romancing the Stone,"$75,078,260","$40,000,000","$115,078,260"
1051,1052,2005,The Exorcism of Emily Rose,"$75,072,454","$69,456,624","$144,529,078"
1052,1053,1993,The Nightmare Before Christmas,"$75,069,160","$201,941","$75,271,101"
1053,1054,2006,Eragon,"$75,030,163","$174,457,952","$249,488,115"
1054,1055,1991,Star Trek VI: The Undiscovered Country,"$74,888,996","$22,011,004","$96,900,000"
1055,1056,1991,The Prince of Tides,"$74,787,599",$0,"$74,787,599"
1056,1057,1982,Poltergeist,"$74,706,019","$47,000,000","$121,706,019"
1057,1058,2004,Ladder 49,"$74,541,707","$27,791,141","$102,332,848"
1058,1059,2005,Four Brothers,"$74,494,381","$18,000,000","$92,494,381"
1059,1060,1983,WarGames,"$74,433,837",$0,"$74,433,837"
1060,1061,1998,"Six Days, Seven Nights","$74,339,294","$90,460,706","$164,800,000"
1061,1062,2007,No Country for Old Men,"$74,273,505","$89,762,248","$164,035,753"
1062,1063,2017,Alien: Covenant,"$74,262,031","$164,259,216","$238,521,247"
1063,1064,2011,Jack and Jill,"$74,158,157","$76,361,060","$150,519,217"
1064,1065,2005,Sin City,"$74,103,820","$84,424,098","$158,527,918"
1065,1066,2001,Along Came a Spider,"$74,058,698","$31,100,387","$105,159,085"
1066,1067,2017,Captain Underpants: The First Epic Movie,"$73,921,000","$52,656,874","$126,577,874"
1067,1068,2011,Hugo,"$73,864,507","$106,183,277","$180,047,784"
1068,1069,1988,Beetlejuice,"$73,839,613","$47,933","$73,887,546"
1069,1070,2004,Christmas with the Kranks,"$73,701,902","$22,767,285","$96,469,187"
1070,1071,1979,The Jerk,"$73,691,419",$0,"$73,691,419"
1071,1072,2006,Monster House,"$73,661,010","$67,606,360","$141,267,370"
1072,1073,1999,Deep Blue Sea,"$73,648,228","$91,400,000","$165,048,228"
1073,1074,2009,Law Abiding Citizen,"$73,357,727","$57,802,054","$131,159,781"
1074,1075,2002,Spirit: Stallion of the Cimarron,"$73,215,310","$33,300,000","$106,515,310"
1075,1076,2000,Hollow Man,"$73,209,340","$117,990,660","$191,200,000"
1076,1077,2016,Boo! A Madea Halloween,"$73,206,343",$0,"$73,206,343"
1077,1078,2009,Hotel for Dogs,"$73,178,547","$49,178,625","$122,357,172"
1078,1079,2013,White House Down,"$73,103,784","$132,336,603","$205,440,387"
1079,1080,2019,A Madea Family Funeral,"$73,080,657","$1,477,164","$74,557,821"
1080,1081,2012,John Carter,"$73,058,679","$209,719,421","$282,778,100"
1081,1082,2010,Dinner for Schmucks,"$73,026,337","$13,770,165","$86,796,502"
1082,1083,2011,Justin Bieber: Never Say Never,"$73,013,910","$26,020,215","$99,034,125"
1083,1084,1959,Ben-Hur,"$73,000,000",$0,"$73,000,000"
1084,1085,2006,Barnyard: The Original Party Animals,"$72,779,000","$45,804,844","$118,583,844"
1085,1086,2006,Jackass: Number Two,"$72,778,712","$12,500,000","$85,278,712"
1086,1087,2005,The Interpreter,"$72,708,161","$90,045,676","$162,753,837"
1087,1088,2014,Hercules,"$72,688,614","$170,700,000","$243,388,614"
1088,1089,2016,Storks,"$72,679,278","$110,674,153","$183,353,431"
1089,1090,2015,Bridge of Spies,"$72,313,754","$90,184,584","$162,498,338"
1090,1091,2011,Dolphin Tale,"$72,286,779","$23,781,945","$96,068,724"
1091,1092,2008,Vantage Point,"$72,266,306","$78,620,023","$150,886,329"
1092,1093,1997,I Know What You Did Last Summer,"$72,250,091","$53,000,000","$125,250,091"
1093,1094,1994,Ace Ventura: Pet Detective,"$72,217,396","$35,000,000","$107,217,396"
1094,1095,2017,A Bad Moms Christmas,"$72,110,659","$55,599,891","$127,710,550"
1095,1096,2009,Michael Jackson's This Is It,"$72,091,016","$180,000,000","$252,091,016"
1096,1097,2016,10 Cloverfield Lane,"$72,082,999","$36,203,423","$108,286,422"
1097,1098,1995,Get Shorty,"$72,021,008","$43,000,000","$115,021,008"
1098,1099,2009,"I Love You, Man","$72,013,010","$20,289,492","$92,302,502"
1099,1100,2007,Fred Claus,"$72,006,777","$25,830,861","$97,837,638"
